customer_id,first_name,last_name,age,gender,city,signup_date,acquisition_channel
C00001,Aarav,Sharma,28,Male,Mumbai,2023-01-14,Organic
C00002,Ananya,Patel,34,Female,Pune,2023-01-21,Google Ads
C00003,Rohan,Mehta,25,Male,Delhi,2023-02-03,Referral
C00004,Isha,Verma,31,Female,Bengaluru,2023-02-17,Instagram
C00005,Vivaan,Shah,42,Male,Hyderabad,2023-03-01,Organic
C00006,Diya,Kapoor,27,Female,Chennai,2023-03-12,Google Ads
C00007,Arjun,Malhotra,36,Male,Kolkata,2023-03-25,Referral
C00008,Saanvi,Gupta,23,Female,Jaipur,2023-04-08,Instagram
C00009,Aditya,Rao,39,Male,Ahmedabad,2023-04-19,LinkedIn
C00010,Meera,Joshi,29,Female,Pune,2023-05-02,Organic
C00011,Kabir,Desai,33,Male,Mumbai,2023-05-16,Google Ads
C00012,Myra,Nair,26,Female,Kochi,2023-05-29,Referral
C00013,Vihaan,Singh,45,Male,Delhi,2023-06-11,LinkedIn
C00014,Kiara,Chopra,30,Female,Chandigarh,2023-06-24,Instagram
C00015,Reyansh,Menon,37,Male,Bengaluru,2023-07-07,Organic
C00016,Aadhya,Iyer,24,Female,Chennai,2023-07-19,Google Ads
C00017,Ayaan,Khan,41,Male,Hyderabad,2023-08-02,Referral
C00018,Anika,Das,32,Female,Kolkata,2023-08-15,Instagram
C00019,Dhruv,Bansal,35,Male,Jaipur,2023-08-28,Organic
C00020,Tara,Chauhan,22,Female,Ahmedabad,2023-09-10,Google Ads
C00021,Rudra,Mishra,44,Male,Lucknow,2023-09-23,Referral
C00022,Avni,Saxena,28,Female,Pune,2023-10-06,Instagram
C00023,Krish,Arora,38,Male,Delhi,2023-10-19,Organic
C00024,Riya,Sethi,25,Female,Mumbai,2023-11-01,LinkedIn
C00025,Dev,Khanna,31,Male,Gurugram,2023-11-14,Google Ads
C00026,Pari,Mehra,29,Female,Noida,2023-11-27,Referral
C00027,Yash,Thakur,40,Male,Chandigarh,2023-12-10,Organic
C00028,Navya,Bhatia,33,Female,Jaipur,2023-12-23,Instagram
C00029,Harsh,Vohra,27,Male,Surat,2024-01-05,Google Ads
C00030,Siya,Arora,36,Female,Mumbai,2024-01-18,Referral
C00031,Atharv,Pandey,43,Male,Lucknow,2024-01-31,Organic
C00032,Ira,Mittal,24,Female,Delhi,2024-02-13,Instagram
C00033,Kunal,Sharma,39,Male,Pune,2024-02-26,LinkedIn
C00034,Mehak,Patel,30,Female,Ahmedabad,2024-03-10,Google Ads
C00035,Samar,Mehta,35,Male,Bengaluru,2024-03-23,Referral
C00036,Shanaya,Verma,27,Female,Hyderabad,2024-04-05,Organic
C00037,Ayush,Kapoor,42,Male,Chennai,2024-04-18,Instagram
C00038,Kiara,Gupta,23,Female,Kolkata,2024-05-01,Google Ads
C00039,Manav,Rao,34,Male,Jaipur,2024-05-14,Referral
C00040,Anvi,Joshi,29,Female,Pune,2024-05-27,Organic
C00041,Raj,Desai,46,Male,Mumbai,2024-06-09,LinkedIn
C00042,Nisha,Nair,31,Female,Kochi,2024-06-22,Instagram
C00043,Arnav,Singh,37,Male,Delhi,2024-07-05,Google Ads
C00044,Simran,Chopra,26,Female,Chandigarh,2024-07-18,Referral
C00045,Ved,Menon,40,Male,Bengaluru,2024-07-31,Organic
C00046,Rhea,Iyer,28,Female,Chennai,2024-08-13,Instagram
C00047,Sameer,Khan,33,Male,Hyderabad,2024-08-26,Google Ads
C00048,Neha,Das,25,Female,Kolkata,2024-09-08,Referral
C00049,Varun,Bansal,38,Male,Jaipur,2024-09-21,Organic
C00050,Aisha,Chauhan,32,Female,Ahmedabad,2024-10-04,LinkedIn
C00051,Aarav,Mehra,29,Male,Mumbai,2024-10-17,Google Ads
C00052,Ananya,Shah,35,Female,Pune,2024-10-30,Referral
C00053,Rohan,Kapoor,27,Male,Delhi,2024-11-12,Organic
C00054,Isha,Malhotra,42,Female,Bengaluru,2024-11-25,Instagram
C00055,Vivaan,Gupta,31,Male,Hyderabad,2024-12-08,Google Ads
C00056,Diya,Rao,26,Female,Chennai,2024-12-21,Referral
C00057,Arjun,Sethi,39,Male,Kolkata,2025-01-03,Organic
C00058,Saanvi,Mehta,24,Female,Jaipur,2025-01-16,Instagram
C00059,Aditya,Sharma,45,Male,Ahmedabad,2025-01-29,LinkedIn
C00060,Meera,Patel,30,Female,Pune,2025-02-11,Google Ads
C00061,Kabir,Verma,36,Male,Mumbai,2025-02-24,Referral
C00062,Myra,Desai,28,Female,Kochi,2025-03-09,Organic
C00063,Vihaan,Arora,41,Male,Delhi,2025-03-22,LinkedIn
C00064,Kiara,Nair,33,Female,Chandigarh,2025-04-04,Instagram
C00065,Reyansh,Iyer,38,Male,Bengaluru,2025-04-17,Google Ads
C00066,Aadhya,Khan,25,Female,Chennai,2025-04-30,Referral
C00067,Ayaan,Das,47,Male,Hyderabad,2025-05-13,Organic
C00068,Anika,Bansal,29,Female,Kolkata,2025-05-26,Instagram
C00069,Dhruv,Saxena,34,Male,Jaipur,2025-06-08,Google Ads
C00070,Tara,Joshi,23,Female,Ahmedabad,2025-06-21,Referral
C00071,Rudra,Chauhan,43,Male,Lucknow,2023-02-08,Organic
C00072,Avni,Arora,31,Female,Pune,2023-02-21,Instagram
C00073,Krish,Khanna,37,Male,Delhi,2023-03-06,Google Ads
C00074,Riya,Bhatia,26,Female,Mumbai,2023-03-19,Referral
C00075,Dev,Mehra,32,Male,Gurugram,2023-04-01,Organic
C00076,Pari,Saxena,28,Female,Noida,2023-04-14,LinkedIn
C00077,Yash,Chopra,41,Male,Chandigarh,2023-04-27,Google Ads
C00078,Navya,Thakur,34,Female,Jaipur,2023-05-10,Referral
C00079,Harsh,Pandey,29,Male,Surat,2023-05-23,Organic
C00080,Siya,Vohra,36,Female,Mumbai,2023-06-05,Instagram
C00081,Atharv,Sharma,44,Male,Lucknow,2023-06-18,Google Ads
C00082,Ira,Patel,27,Female,Delhi,2023-07-01,Referral
C00083,Kunal,Mehta,40,Male,Pune,2023-07-14,Organic
C00084,Mehak,Verma,31,Female,Ahmedabad,2023-07-27,LinkedIn
C00085,Samar,Kapoor,35,Male,Bengaluru,2023-08-09,Google Ads
C00086,Shanaya,Gupta,22,Female,Hyderabad,2023-08-22,Referral
C00087,Ayush,Rao,46,Male,Chennai,2023-09-04,Organic
C00088,Anvi,Joshi,30,Female,Kolkata,2023-09-17,Instagram
C00089,Manav,Desai,39,Male,Jaipur,2023-09-30,Google Ads
C00090,Nisha,Nair,28,Female,Kochi,2023-10-13,Referral
C00091,Raj,Singh,43,Male,Mumbai,2023-10-26,Organic
C00092,Rhea,Chopra,25,Female,Chandigarh,2023-11-08,Instagram
C00093,Ved,Menon,37,Male,Bengaluru,2023-11-21,Google Ads
C00094,Neha,Iyer,33,Female,Chennai,2023-12-04,Referral
C00095,Sameer,Khan,45,Male,Hyderabad,2023-12-17,Organic
C00096,Varun,Das,29,Male,Kolkata,2023-12-30,LinkedIn
C00097,Aisha,Bansal,32,Female,Jaipur,2024-01-12,Google Ads
C00098,Aarav,Saxena,38,Male,Ahmedabad,2024-01-25,Referral
C00099,Ananya,Khanna,27,Female,Pune,2024-02-07,Organic
C00100,Rohan,Arora,41,Male,Delhi,2024-02-20,Instagram
C00101,Diya,Sharma,24,Female,Mumbai,2024-03-02,Google Ads
C00102,Kabir,Patel,36,Male,Pune,2024-03-15,Referral
C00103,Myra,Mehta,29,Female,Delhi,2024-03-28,Organic
C00104,Vihaan,Verma,43,Male,Bengaluru,2024-04-10,Instagram
C00105,Kiara,Shah,27,Female,Hyderabad,2024-04-23,Google Ads
C00106,Reyansh,Kapoor,34,Male,Chennai,2024-05-06,Referral
C00107,Aadhya,Malhotra,31,Female,Kolkata,2024-05-19,Organic
C00108,Ayaan,Gupta,40,Male,Jaipur,2024-06-01,LinkedIn
C00109,Anika,Rao,26,Female,Ahmedabad,2024-06-14,Instagram
C00110,Dhruv,Joshi,37,Male,Pune,2024-06-27,Google Ads
C00111,Tara,Desai,25,Female,Mumbai,2024-07-10,Referral
C00112,Rudra,Nair,45,Male,Kochi,2024-07-23,Organic
C00113,Avni,Singh,30,Female,Delhi,2024-08-05,Instagram
C00114,Krish,Chopra,39,Male,Chandigarh,2024-08-18,Google Ads
C00115,Riya,Menon,28,Female,Bengaluru,2024-08-31,Referral
C00116,Dev,Iyer,42,Male,Chennai,2024-09-13,Organic
C00117,Pari,Khan,23,Female,Hyderabad,2024-09-26,Instagram
C00118,Yash,Das,35,Male,Kolkata,2024-10-09,Google Ads
C00119,Navya,Bansal,32,Female,Jaipur,2024-10-22,Referral
C00120,Harsh,Chauhan,41,Male,Ahmedabad,2024-11-04,Organic
C00121,Siya,Saxena,27,Female,Lucknow,2024-11-17,LinkedIn
C00122,Atharv,Arora,38,Male,Pune,2024-11-30,Google Ads
C00123,Ira,Khanna,24,Female,Delhi,2024-12-13,Referral
C00124,Kunal,Bhatia,44,Male,Mumbai,2024-12-26,Organic
C00125,Mehak,Mehra,29,Female,Gurugram,2025-01-08,Instagram
C00126,Samar,Sethi,33,Male,Noida,2025-01-21,Google Ads
C00127,Shanaya,Thakur,26,Female,Chandigarh,2025-02-03,Referral
C00128,Ayush,Pandey,47,Male,Jaipur,2025-02-16,Organic
C00129,Anvi,Vohra,31,Female,Surat,2025-03-01,Instagram
C00130,Manav,Sharma,36,Male,Mumbai,2025-03-14,Google Ads
C00131,Nisha,Patel,28,Female,Pune,2025-03-27,Referral
C00132,Raj,Mehta,40,Male,Delhi,2025-04-09,Organic
C00133,Rhea,Verma,25,Female,Bengaluru,2025-04-22,LinkedIn
C00134,Ved,Kapoor,35,Male,Hyderabad,2025-05-05,Google Ads
C00135,Neha,Gupta,30,Female,Chennai,2025-05-18,Referral
C00136,Sameer,Rao,43,Male,Kolkata,2025-05-31,Organic
C00137,Varun,Joshi,39,Male,Jaipur,2025-06-13,Instagram
C00138,Aisha,Desai,27,Female,Ahmedabad,2025-06-26,Google Ads
C00139,Aarav,Nair,34,Male,Kochi,2023-03-11,Referral
C00140,Ananya,Singh,29,Female,Delhi,2023-03-24,Organic
C00141,Rohan,Chopra,45,Male,Chandigarh,2023-04-06,Instagram
C00142,Isha,Menon,32,Female,Bengaluru,2023-04-19,Google Ads
C00143,Vivaan,Iyer,38,Male,Chennai,2023-05-02,Referral
C00144,Diya,Khan,24,Female,Hyderabad,2023-05-15,Organic
C00145,Arjun,Das,41,Male,Kolkata,2023-05-28,LinkedIn
C00146,Saanvi,Bansal,27,Female,Jaipur,2023-06-10,Instagram
C00147,Aditya,Chauhan,36,Male,Ahmedabad,2023-06-23,Google Ads
C00148,Meera,Saxena,30,Female,Pune,2023-07-06,Referral
C00149,Kabir,Arora,43,Male,Mumbai,2023-07-19,Organic
C00150,Myra,Khanna,25,Female,Delhi,2023-08-01,Instagram
C00151,Vihaan,Bhatia,39,Male,Gurugram,2023-08-14,Google Ads
C00152,Kiara,Mehra,28,Female,Noida,2023-08-27,Referral
C00153,Reyansh,Sethi,34,Male,Chandigarh,2023-09-09,Organic
C00154,Aadhya,Thakur,26,Female,Jaipur,2023-09-22,LinkedIn
C00155,Ayaan,Pandey,42,Male,Surat,2023-10-05,Google Ads
C00156,Anika,Vohra,31,Female,Mumbai,2023-10-18,Referral
C00157,Dhruv,Sharma,37,Male,Lucknow,2023-10-31,Organic
C00158,Tara,Patel,23,Female,Pune,2023-11-13,Instagram
C00159,Rudra,Mehta,44,Male,Delhi,2023-11-26,Google Ads
C00160,Avni,Verma,29,Female,Bengaluru,2023-12-09,Referral
C00161,Krish,Kapoor,35,Male,Hyderabad,2023-12-22,Organic
C00162,Riya,Gupta,27,Female,Chennai,2024-01-04,Instagram
C00163,Dev,Rao,40,Male,Kolkata,2024-01-17,Google Ads
C00164,Pari,Joshi,32,Female,Jaipur,2024-01-30,Referral
C00165,Yash,Desai,46,Male,Ahmedabad,2024-02-12,Organic
C00166,Navya,Nair,25,Female,Kochi,2024-02-25,LinkedIn
C00167,Harsh,Singh,38,Male,Delhi,2024-03-09,Google Ads
C00168,Siya,Chopra,30,Female,Chandigarh,2024-03-22,Referral
C00169,Atharv,Menon,43,Male,Bengaluru,2024-04-04,Organic
C00170,Ira,Iyer,24,Female,Chennai,2024-04-17,Instagram
C00171,Kunal,Khan,36,Male,Hyderabad,2024-04-30,Google Ads
C00172,Mehak,Das,28,Female,Kolkata,2024-05-13,Referral
C00173,Samar,Bansal,41,Male,Jaipur,2024-05-26,Organic
C00174,Shanaya,Chauhan,26,Female,Ahmedabad,2024-06-08,Instagram
C00175,Ayush,Saxena,39,Male,Lucknow,2024-06-21,Google Ads
C00176,Anvi,Arora,33,Female,Pune,2024-07-04,Referral
C00177,Manav,Khanna,45,Male,Delhi,2024-07-17,Organic
C00178,Nisha,Bhatia,29,Female,Mumbai,2024-07-30,LinkedIn
C00179,Raj,Mehra,37,Male,Gurugram,2024-08-12,Google Ads
C00180,Rhea,Sethi,25,Female,Noida,2024-08-25,Referral
C00181,Ved,Thakur,42,Male,Chandigarh,2024-09-07,Organic
C00182,Neha,Pandey,31,Female,Jaipur,2024-09-20,Instagram
C00183,Sameer,Vohra,35,Male,Surat,2024-10-03,Google Ads
C00184,Varun,Sharma,40,Male,Mumbai,2024-10-16,Referral
C00185,Aisha,Patel,27,Female,Pune,2024-10-29,Organic
C00186,Aarav,Mehta,34,Male,Delhi,2024-11-11,LinkedIn
C00187,Ananya,Verma,28,Female,Bengaluru,2024-11-24,Google Ads
C00188,Rohan,Kapoor,43,Male,Hyderabad,2024-12-07,Referral
C00189,Isha,Gupta,30,Female,Chennai,2024-12-20,Organic
C00190,Vivaan,Rao,39,Male,Kolkata,2025-01-02,Instagram
C00191,Diya,Joshi,25,Female,Jaipur,2025-01-15,Google Ads
C00192,Arjun,Desai,36,Male,Ahmedabad,2025-01-28,Referral
C00193,Saanvi,Nair,29,Female,Kochi,2025-02-10,Organic
C00194,Aditya,Singh,44,Male,Delhi,2025-02-23,LinkedIn
C00195,Meera,Chopra,32,Female,Chandigarh,2025-03-08,Google Ads
C00196,Kabir,Menon,41,Male,Bengaluru,2025-03-21,Referral
C00197,Myra,Iyer,26,Female,Chennai,2025-04-03,Organic
C00198,Vihaan,Khan,38,Male,Hyderabad,2025-04-16,Instagram
C00199,Kiara,Das,23,Female,Kolkata,2025-04-29,Google Ads
C00200,Reyansh,Bansal,35,Male,Jaipur,2025-05-12,Referral
C00201,Aadhya,Chauhan,30,Female,Ahmedabad,2025-05-25,Organic
C00202,Ayaan,Saxena,43,Male,Lucknow,2025-06-07,Google Ads
C00203,Anika,Arora,27,Female,Pune,2023-04-13,Referral
C00204,Dhruv,Khanna,36,Male,Delhi,2023-04-26,Instagram
C00205,Tara,Bhatia,24,Female,Mumbai,2023-05-09,Organic
C00206,Rudra,Mehra,40,Male,Gurugram,2023-05-22,Google Ads
C00207,Avni,Sethi,31,Female,Noida,2023-06-04,Referral
C00208,Krish,Thakur,38,Male,Chandigarh,2023-06-17,Organic
C00209,Riya,Pandey,26,Female,Jaipur,2023-06-30,Instagram
C00210,Dev,Vohra,45,Male,Surat,2023-07-13,Google Ads
C00211,Pari,Sharma,29,Female,Mumbai,2023-07-26,Referral
C00212,Yash,Patel,34,Male,Pune,2023-08-08,Organic
C00213,Navya,Mehta,25,Female,Delhi,2023-08-21,LinkedIn
C00214,Harsh,Verma,42,Male,Bengaluru,2023-09-03,Google Ads
C00215,Siya,Kapoor,28,Female,Hyderabad,2023-09-16,Referral
C00216,Atharv,Gupta,37,Male,Chennai,2023-09-29,Organic
C00217,Ira,Rao,23,Female,Kolkata,2023-10-12,Instagram
C00218,Kunal,Joshi,41,Male,Jaipur,2023-10-25,Google Ads
C00219,Mehak,Desai,32,Female,Ahmedabad,2023-11-07,Referral
C00220,Samar,Nair,39,Male,Kochi,2023-11-20,Organic
C00221,Shanaya,Singh,27,Female,Delhi,2023-12-03,Instagram
C00222,Ayush,Chopra,44,Male,Chandigarh,2023-12-16,Google Ads
C00223,Anvi,Menon,30,Female,Bengaluru,2023-12-29,Referral
C00224,Manav,Iyer,35,Male,Chennai,2024-01-11,Organic
C00225,Nisha,Khan,26,Female,Hyderabad,2024-01-24,Instagram
C00226,Raj,Das,43,Male,Kolkata,2024-02-06,Google Ads
C00227,Rhea,Bansal,29,Female,Jaipur,2024-02-19,Referral
C00228,Ved,Chauhan,37,Male,Ahmedabad,2024-03-03,Organic
C00229,Neha,Saxena,31,Female,Lucknow,2024-03-16,LinkedIn
C00230,Sameer,Arora,40,Male,Pune,2024-03-29,Google Ads
C00231,Varun,Khanna,33,Male,Delhi,2024-04-11,Referral
C00232,Aisha,Bhatia,25,Female,Mumbai,2024-04-24,Organic
C00233,Aarav,Mehra,46,Male,Gurugram,2024-05-07,Instagram
C00234,Ananya,Sethi,28,Female,Noida,2024-05-20,Google Ads
C00235,Rohan,Thakur,39,Male,Chandigarh,2024-06-02,Referral
C00236,Isha,Pandey,24,Female,Jaipur,2024-06-15,Organic
C00237,Vivaan,Vohra,36,Male,Surat,2024-06-28,Instagram
C00238,Diya,Sharma,30,Female,Mumbai,2024-07-11,Google Ads
C00239,Arjun,Patel,42,Male,Pune,2024-07-24,Referral
C00240,Saanvi,Mehta,27,Female,Delhi,2024-08-06,Organic
C00241,Aditya,Verma,35,Male,Bengaluru,2024-08-19,LinkedIn
C00242,Meera,Kapoor,29,Female,Hyderabad,2024-09-01,Google Ads
C00243,Kabir,Gupta,41,Male,Chennai,2024-09-14,Referral
C00244,Myra,Rao,23,Female,Kolkata,2024-09-27,Organic
C00245,Vihaan,Joshi,38,Male,Jaipur,2024-10-10,Instagram
C00246,Kiara,Desai,32,Female,Ahmedabad,2024-10-23,Google Ads
C00247,Reyansh,Nair,45,Male,Kochi,2024-11-05,Referral
C00248,Aadhya,Singh,26,Female,Delhi,2024-11-18,Organic
C00249,Ayaan,Chopra,34,Male,Chandigarh,2024-12-01,Instagram
C00250,Anika,Menon,31,Female,Bengaluru,2024-12-14,Google Ads
C00251,Dhruv,Iyer,43,Male,Chennai,2024-12-27,Referral
C00252,Tara,Khan,28,Female,Hyderabad,2025-01-09,Organic
C00253,Rudra,Das,37,Male,Kolkata,2025-01-22,Instagram
C00254,Avni,Bansal,25,Female,Jaipur,2025-02-04,Google Ads
C00255,Krish,Chauhan,40,Male,Ahmedabad,2025-02-17,Referral
C00256,Riya,Saxena,29,Female,Lucknow,2025-03-02,Organic
C00257,Dev,Arora,44,Male,Pune,2025-03-15,LinkedIn
C00258,Pari,Khanna,27,Female,Delhi,2025-03-28,Google Ads
C00259,Yash,Bhatia,35,Male,Mumbai,2025-04-10,Referral
C00260,Navya,Mehra,30,Female,Gurugram,2025-04-23,Organic
C00261,Harsh,Sethi,42,Male,Noida,2025-05-06,Instagram
C00262,Siya,Thakur,24,Female,Chandigarh,2025-05-19,Google Ads
C00263,Atharv,Pandey,39,Male,Jaipur,2025-06-01,Referral
C00264,Ira,Vohra,28,Female,Surat,2025-06-14,Organic
C00265,Kunal,Sharma,36,Male,Mumbai,2023-01-19,Instagram
C00266,Mehak,Patel,33,Female,Pune,2023-02-01,Google Ads
C00267,Samar,Mehta,45,Male,Delhi,2023-02-14,Referral
C00268,Shanaya,Verma,27,Female,Bengaluru,2023-02-27,Organic
C00269,Ayush,Kapoor,41,Male,Hyderabad,2023-03-12,LinkedIn
C00270,Anvi,Gupta,29,Female,Chennai,2023-03-25,Instagram
C00271,Manav,Rao,34,Male,Kolkata,2023-04-07,Google Ads
C00272,Nisha,Joshi,26,Female,Jaipur,2023-04-20,Referral
C00273,Raj,Desai,48,Male,Ahmedabad,2023-05-03,Organic
C00274,Rhea,Nair,31,Female,Kochi,2023-05-16,Instagram
C00275,Ved,Singh,38,Male,Delhi,2023-05-29,Google Ads
C00276,Neha,Chopra,25,Female,Chandigarh,2023-06-11,Referral
C00277,Sameer,Menon,43,Male,Bengaluru,2023-06-24,Organic
C00278,Varun,Iyer,36,Male,Chennai,2023-07-07,Instagram
C00279,Aisha,Khan,28,Female,Hyderabad,2023-07-20,Google Ads
C00280,Aarav,Das,40,Male,Kolkata,2023-08-02,Referral
C00281,Ananya,Bansal,23,Female,Jaipur,2023-08-15,Organic
C00282,Rohan,Chauhan,35,Male,Ahmedabad,2023-08-28,LinkedIn
C00283,Isha,Saxena,30,Female,Lucknow,2023-09-10,Google Ads
C00284,Vivaan,Arora,42,Male,Pune,2023-09-23,Referral
C00285,Diya,Khanna,27,Female,Delhi,2023-10-06,Organic
C00286,Arjun,Bhatia,39,Male,Mumbai,2023-10-19,Instagram
C00287,Saanvi,Mehra,24,Female,Gurugram,2023-11-01,Google Ads
C00288,Aditya,Sethi,37,Male,Noida,2023-11-14,Referral
C00289,Meera,Thakur,32,Female,Chandigarh,2023-11-27,Organic
C00290,Kabir,Pandey,44,Male,Jaipur,2023-12-10,Instagram
C00291,Myra,Vohra,26,Female,Surat,2023-12-23,Google Ads
C00292,Vihaan,Sharma,41,Male,Mumbai,2024-01-05,Referral
C00293,Kiara,Patel,29,Female,Pune,2024-01-18,Organic
C00294,Reyansh,Mehta,36,Male,Delhi,2024-01-31,LinkedIn
C00295,Aadhya,Verma,25,Female,Bengaluru,2024-02-13,Google Ads
C00296,Ayaan,Kapoor,43,Male,Hyderabad,2024-02-26,Referral
C00297,Anika,Gupta,31,Female,Chennai,2024-03-10,Organic
C00298,Dhruv,Rao,38,Male,Kolkata,2024-03-23,Instagram
C00299,Tara,Joshi,28,Female,Jaipur,2024-04-05,Google Ads
C00300,Rudra,Desai,46,Male,Ahmedabad,2024-04-18,Referral
C00301,Avni,Nair,27,Female,Kochi,2024-05-01,Organic
C00302,Krish,Singh,39,Male,Delhi,2024-05-14,Google Ads
C00303,Riya,Chopra,30,Female,Chandigarh,2024-05-27,Referral
C00304,Dev,Menon,44,Male,Bengaluru,2024-06-09,Organic
C00305,Pari,Iyer,25,Female,Chennai,2024-06-22,Instagram
C00306,Yash,Khan,36,Male,Hyderabad,2024-07-05,Google Ads
C00307,Navya,Das,32,Female,Kolkata,2024-07-18,Referral
C00308,Harsh,Bansal,41,Male,Jaipur,2024-07-31,Organic
C00309,Siya,Chauhan,28,Female,Ahmedabad,2024-08-13,LinkedIn
C00310,Atharv,Saxena,45,Male,Lucknow,2024-08-26,Google Ads
C00311,Ira,Arora,23,Female,Pune,2024-09-08,Referral
C00312,Kunal,Khanna,37,Male,Delhi,2024-09-21,Organic
C00313,Mehak,Bhatia,29,Female,Mumbai,2024-10-04,Instagram
C00314,Samar,Mehra,43,Male,Gurugram,2024-10-17,Google Ads
C00315,Shanaya,Sethi,26,Female,Noida,2024-10-30,Referral
C00316,Ayush,Thakur,40,Male,Chandigarh,2024-11-12,Organic
C00317,Anvi,Pandey,31,Female,Jaipur,2024-11-25,Instagram
C00318,Manav,Vohra,35,Male,Surat,2024-12-08,Google Ads
C00319,Nisha,Sharma,27,Female,Mumbai,2024-12-21,Referral
C00320,Raj,Patel,42,Male,Pune,2025-01-03,Organic
C00321,Rhea,Mehta,24,Female,Delhi,2025-01-16,LinkedIn
C00322,Ved,Verma,38,Male,Bengaluru,2025-01-29,Google Ads
C00323,Neha,Kapoor,33,Female,Hyderabad,2025-02-11,Referral
C00324,Sameer,Gupta,46,Male,Chennai,2025-02-24,Organic
C00325,Varun,Rao,30,Male,Kolkata,2025-03-09,Instagram
C00326,Aisha,Joshi,28,Female,Jaipur,2025-03-22,Google Ads
C00327,Aarav,Desai,40,Male,Ahmedabad,2025-04-04,Referral
C00328,Ananya,Nair,25,Female,Kochi,2025-04-17,Organic
C00329,Rohan,Singh,37,Male,Delhi,2025-04-30,LinkedIn
C00330,Isha,Chopra,29,Female,Chandigarh,2025-05-13,Google Ads
C00331,Vivaan,Menon,43,Male,Bengaluru,2025-05-26,Referral
C00332,Diya,Iyer,26,Female,Chennai,2025-06-08,Organic
C00333,Arjun,Khan,35,Male,Hyderabad,2025-06-21,Instagram
C00334,Saanvi,Das,32,Female,Kolkata,2023-02-05,Google Ads
C00335,Aditya,Bansal,41,Male,Jaipur,2023-02-18,Referral
C00336,Meera,Chauhan,27,Female,Ahmedabad,2023-03-03,Organic
C00337,Kabir,Saxena,39,Male,Lucknow,2023-03-16,Instagram
C00338,Myra,Arora,23,Female,Pune,2023-03-29,Google Ads
C00339,Vihaan,Khanna,36,Male,Delhi,2023-04-11,Referral
C00340,Kiara,Bhatia,31,Female,Mumbai,2023-04-24,Organic
C00341,Reyansh,Mehra,44,Male,Gurugram,2023-05-07,LinkedIn
C00342,Aadhya,Sethi,28,Female,Noida,2023-05-20,Google Ads
C00343,Ayaan,Thakur,42,Male,Chandigarh,2023-06-02,Referral
C00344,Anika,Pandey,25,Female,Jaipur,2023-06-15,Organic
C00345,Dhruv,Vohra,38,Male,Surat,2023-06-28,Instagram
C00346,Tara,Sharma,30,Female,Mumbai,2023-07-11,Google Ads
C00347,Rudra,Patel,45,Male,Pune,2023-07-24,Referral
C00348,Avni,Mehta,27,Female,Delhi,2023-08-06,Organic
C00349,Krish,Verma,34,Male,Bengaluru,2023-08-19,LinkedIn
C00350,Riya,Kapoor,29,Female,Hyderabad,2023-09-01,Google Ads
C00351,Dev,Gupta,40,Male,Chennai,2023-09-14,Referral
C00352,Pari,Rao,24,Female,Kolkata,2023-09-27,Organic
C00353,Yash,Joshi,37,Male,Jaipur,2023-10-10,Instagram
C00354,Navya,Desai,32,Female,Ahmedabad,2023-10-23,Google Ads
C00355,Harsh,Nair,43,Male,Kochi,2023-11-05,Referral
C00356,Siya,Singh,26,Female,Delhi,2023-11-18,Organic
C00357,Atharv,Chopra,35,Male,Chandigarh,2023-12-01,Instagram
C00358,Ira,Menon,30,Female,Bengaluru,2023-12-14,Google Ads
C00359,Kunal,Iyer,41,Male,Chennai,2023-12-27,Referral
C00360,Mehak,Khan,28,Female,Hyderabad,2024-01-09,Organic
C00361,Samar,Das,39,Male,Kolkata,2024-01-22,Instagram
C00362,Shanaya,Bansal,25,Female,Jaipur,2024-02-04,Google Ads
C00363,Ayush,Chauhan,44,Male,Ahmedabad,2024-02-17,Referral
C00364,Anvi,Saxena,29,Female,Lucknow,2024-03-02,Organic
C00365,Manav,Arora,36,Male,Pune,2024-03-15,LinkedIn
C00366,Nisha,Khanna,27,Female,Delhi,2024-03-28,Google Ads
C00367,Raj,Bhatia,42,Male,Mumbai,2024-04-10,Referral
C00368,Rhea,Mehra,31,Female,Gurugram,2024-04-23,Organic
C00369,Ved,Sethi,38,Male,Noida,2024-05-06,Instagram
C00370,Neha,Thakur,24,Female,Chandigarh,2024-05-19,Google Ads
C00371,Sameer,Pandey,45,Male,Jaipur,2024-06-01,Referral
C00372,Varun,Vohra,33,Male,Surat,2024-06-14,Organic
C00373,Aisha,Sharma,28,Female,Mumbai,2024-06-27,Instagram
C00374,Aarav,Patel,40,Male,Pune,2024-07-10,Google Ads
C00375,Ananya,Mehta,26,Female,Delhi,2024-07-23,Referral
C00376,Rohan,Verma,35,Male,Bengaluru,2024-08-05,Organic
C00377,Isha,Kapoor,30,Female,Hyderabad,2024-08-18,LinkedIn
C00378,Vivaan,Gupta,43,Male,Chennai,2024-08-31,Google Ads
C00379,Diya,Rao,25,Female,Kolkata,2024-09-13,Referral
C00380,Arjun,Joshi,39,Male,Jaipur,2024-09-26,Organic
C00381,Saanvi,Desai,27,Female,Ahmedabad,2024-10-09,Instagram
C00382,Aditya,Nair,46,Male,Kochi,2024-10-22,Google Ads
C00383,Meera,Singh,32,Female,Delhi,2024-11-04,Referral
C00384,Kabir,Chopra,37,Male,Chandigarh,2024-11-17,Organic
C00385,Myra,Menon,23,Female,Bengaluru,2024-11-30,Instagram
C00386,Vihaan,Iyer,41,Male,Chennai,2024-12-13,Google Ads
C00387,Kiara,Khan,29,Female,Hyderabad,2024-12-26,Referral
C00388,Reyansh,Das,34,Male,Kolkata,2025-01-08,Organic
C00389,Aadhya,Bansal,31,Female,Jaipur,2025-01-21,LinkedIn
C00390,Ayaan,Chauhan,44,Male,Ahmedabad,2025-02-03,Google Ads
C00391,Anika,Saxena,26,Female,Lucknow,2025-02-16,Referral
C00392,Dhruv,Arora,38,Male,Pune,2025-03-01,Organic
C00393,Tara,Khanna,24,Female,Delhi,2025-03-14,Instagram
C00394,Rudra,Bhatia,43,Male,Mumbai,2025-03-27,Google Ads
C00395,Avni,Mehra,30,Female,Gurugram,2025-04-09,Referral
C00396,Krish,Sethi,36,Male,Noida,2025-04-22,Organic
C00397,Riya,Thakur,28,Female,Chandigarh,2025-05-05,Instagram
C00398,Dev,Pandey,40,Male,Jaipur,2025-05-18,Google Ads
C00399,Pari,Vohra,25,Female,Surat,2025-05-31,Referral
C00400,Yash,Sharma,42,Male,Mumbai,2025-06-13,Organic
C00401,Navya,Patel,33,Female,Pune,2023-01-27,Google Ads
C00402,Harsh,Mehta,39,Male,Delhi,2023-02-09,Referral
C00403,Siya,Verma,27,Female,Bengaluru,2023-02-22,Organic
C00404,Atharv,Kapoor,45,Male,Hyderabad,2023-03-07,Instagram
C00405,Ira,Gupta,24,Female,Chennai,2023-03-20,Google Ads
C00406,Kunal,Rao,37,Male,Kolkata,2023-04-02,Referral
C00407,Mehak,Joshi,31,Female,Jaipur,2023-04-15,Organic
C00408,Samar,Desai,43,Male,Ahmedabad,2023-04-28,LinkedIn
C00409,Shanaya,Nair,26,Female,Kochi,2023-05-11,Google Ads
C00410,Ayush,Singh,40,Male,Delhi,2023-05-24,Referral
C00411,Anvi,Chopra,29,Female,Chandigarh,2023-06-06,Organic
C00412,Manav,Menon,35,Male,Bengaluru,2023-06-19,Instagram
C00413,Nisha,Iyer,28,Female,Chennai,2023-07-02,Google Ads
C00414,Raj,Khan,44,Male,Hyderabad,2023-07-15,Referral
C00415,Rhea,Das,25,Female,Kolkata,2023-07-28,Organic
C00416,Ved,Bansal,38,Male,Jaipur,2023-08-10,Instagram
C00417,Neha,Chauhan,32,Female,Ahmedabad,2023-08-23,Google Ads
C00418,Sameer,Saxena,41,Male,Lucknow,2023-09-05,Referral
C00419,Varun,Arora,36,Male,Pune,2023-09-18,Organic
C00420,Aisha,Khanna,27,Female,Delhi,2023-10-01,LinkedIn
C00421,Aarav,Bhatia,34,Male,Mumbai,2023-10-14,Google Ads
C00422,Ananya,Mehra,30,Female,Gurugram,2023-10-27,Referral
C00423,Rohan,Sethi,42,Male,Noida,2023-11-09,Organic
C00424,Isha,Thakur,23,Female,Chandigarh,2023-11-22,Instagram
C00425,Vivaan,Pandey,39,Male,Jaipur,2023-12-05,Google Ads
C00426,Diya,Vohra,28,Female,Surat,2023-12-18,Referral
C00427,Arjun,Sharma,45,Male,Mumbai,2023-12-31,Organic
C00428,Saanvi,Patel,26,Female,Pune,2024-01-13,Instagram
C00429,Aditya,Mehta,37,Male,Delhi,2024-01-26,Google Ads
C00430,Meera,Verma,31,Female,Bengaluru,2024-02-08,Referral
C00431,Kabir,Kapoor,43,Male,Hyderabad,2024-02-21,Organic
C00432,Myra,Gupta,29,Female,Chennai,2024-03-05,LinkedIn
C00433,Vihaan,Rao,40,Male,Kolkata,2024-03-18,Google Ads
C00434,Kiara,Joshi,24,Female,Jaipur,2024-03-31,Referral
C00435,Reyansh,Desai,35,Male,Ahmedabad,2024-04-13,Organic
C00436,Aadhya,Nair,27,Female,Kochi,2024-04-26,Instagram
C00437,Ayaan,Singh,44,Male,Delhi,2024-05-09,Google Ads
C00438,Anika,Chopra,30,Female,Chandigarh,2024-05-22,Referral
C00439,Dhruv,Menon,38,Male,Bengaluru,2024-06-04,Organic
C00440,Tara,Iyer,25,Female,Chennai,2024-06-17,Instagram
C00441,Rudra,Khan,41,Male,Hyderabad,2024-06-30,Google Ads
C00442,Avni,Das,32,Female,Kolkata,2024-07-13,Referral
C00443,Krish,Bansal,36,Male,Jaipur,2024-07-26,Organic
C00444,Riya,Chauhan,28,Female,Ahmedabad,2024-08-08,LinkedIn
C00445,Dev,Saxena,43,Male,Lucknow,2024-08-21,Google Ads
C00446,Pari,Arora,26,Female,Pune,2024-09-03,Referral
C00447,Yash,Khanna,39,Male,Delhi,2024-09-16,Organic
C00448,Navya,Bhatia,31,Female,Mumbai,2024-09-29,Instagram
C00449,Harsh,Mehra,46,Male,Gurugram,2024-10-12,Google Ads
C00450,Siya,Sethi,29,Female,Noida,2024-10-25,Referral
C00451,Atharv,Thakur,37,Male,Chandigarh,2024-11-07,Organic
C00452,Ira,Pandey,24,Female,Jaipur,2024-11-20,Instagram
C00453,Kunal,Vohra,42,Male,Surat,2024-12-03,Google Ads
C00454,Mehak,Sharma,33,Female,Mumbai,2024-12-16,Referral
C00455,Samar,Patel,40,Male,Pune,2024-12-29,Organic
C00456,Shanaya,Mehta,27,Female,Delhi,2025-01-11,LinkedIn
C00457,Ayush,Verma,35,Male,Bengaluru,2025-01-24,Google Ads
C00458,Anvi,Kapoor,30,Female,Hyderabad,2025-02-06,Referral
C00459,Manav,Gupta,44,Male,Chennai,2025-02-19,Organic
C00460,Nisha,Rao,26,Female,Kolkata,2025-03-04,Instagram
C00461,Raj,Joshi,38,Male,Jaipur,2025-03-17,Google Ads
C00462,Rhea,Desai,25,Female,Ahmedabad,2025-03-30,Referral
C00463,Ved,Nair,41,Male,Kochi,2025-04-12,Organic
C00464,Neha,Singh,29,Female,Delhi,2025-04-25,LinkedIn
C00465,Sameer,Chopra,36,Male,Chandigarh,2025-05-08,Google Ads
C00466,Varun,Menon,43,Male,Bengaluru,2025-05-21,Referral
C00467,Aisha,Iyer,28,Female,Chennai,2025-06-03,Organic
C00468,Aarav,Khan,39,Male,Hyderabad,2025-06-16,Instagram
C00469,Ananya,Das,31,Female,Kolkata,2025-06-29,Google Ads
C00470,Rohan,Bansal,45,Male,Jaipur,2023-03-05,Referral
C00471,Isha,Chauhan,27,Female,Ahmedabad,2023-03-18,Organic
C00472,Vivaan,Saxena,34,Male,Lucknow,2023-03-31,Instagram
C00473,Diya,Arora,23,Female,Pune,2023-04-13,Google Ads
C00474,Arjun,Khanna,40,Male,Delhi,2023-04-26,Referral
C00475,Saanvi,Bhatia,29,Female,Mumbai,2023-05-09,Organic
C00476,Aditya,Mehra,37,Male,Gurugram,2023-05-22,LinkedIn
C00477,Meera,Sethi,26,Female,Noida,2023-06-04,Google Ads
C00478,Kabir,Thakur,43,Male,Chandigarh,2023-06-17,Referral
C00479,Myra,Pandey,30,Female,Jaipur,2023-06-30,Organic
C00480,Vihaan,Vohra,39,Male,Surat,2023-07-13,Instagram
C00481,Kiara,Sharma,25,Female,Mumbai,2023-07-26,Google Ads
C00482,Reyansh,Patel,42,Male,Pune,2023-08-08,Referral
C00483,Aadhya,Mehta,28,Female,Delhi,2023-08-21,Organic
C00484,Ayaan,Verma,36,Male,Bengaluru,2023-09-03,LinkedIn
C00485,Anika,Kapoor,32,Female,Hyderabad,2023-09-16,Google Ads
C00486,Dhruv,Gupta,44,Male,Chennai,2023-09-29,Referral
C00487,Tara,Rao,27,Female,Kolkata,2023-10-12,Organic
C00488,Rudra,Joshi,41,Male,Jaipur,2023-10-25,Instagram
C00489,Avni,Desai,24,Female,Ahmedabad,2023-11-07,Google Ads
C00490,Krish,Nair,38,Male,Kochi,2023-11-20,Referral
C00491,Riya,Singh,30,Female,Delhi,2023-12-03,Organic
C00492,Dev,Chopra,45,Male,Chandigarh,2023-12-16,LinkedIn
C00493,Pari,Menon,26,Female,Bengaluru,2023-12-29,Google Ads
C00494,Yash,Iyer,35,Male,Chennai,2024-01-11,Referral
C00495,Navya,Khan,29,Female,Hyderabad,2024-01-24,Organic
C00496,Harsh,Das,43,Male,Kolkata,2024-02-06,Instagram
C00497,Siya,Bansal,31,Female,Jaipur,2024-02-19,Google Ads
C00498,Atharv,Chauhan,40,Male,Ahmedabad,2024-03-04,Referral
C00499,Ira,Saxena,27,Female,Lucknow,2024-03-17,Organic
C00500,Kunal,Arora,37,Male,Pune,2024-03-30,LinkedIn
