ticket_id,customer_id,ticket_date,issue_category,priority,resolution_hours,ticket_status,customer_satisfaction
T00001,C00001,2025-02-14,Technical,High,18.5,Resolved,3
T00002,C00002,2025-03-21,Billing,Medium,9.2,Closed,4
T00003,C00003,2025-01-18,Performance,High,22.7,Resolved,3
T00004,C00004,2025-04-07,Account,Low,4.1,Closed,5
T00005,C00005,2025-02-28,Storage,Medium,11.6,Resolved,4
T00006,C00006,2025-05-12,Technical,Urgent,31.4,Escalated,2
T00007,C00007,2025-03-05,Billing,High,16.8,Resolved,3
T00008,C00008,2025-06-19,Feature Request,Low,6.3,Closed,5
T00009,C00009,2025-01-29,Performance,Medium,13.5,Resolved,4
T00010,C00010,2025-07-02,Account,Low,3.7,Closed,5
T00011,C00011,2025-02-11,Technical,Medium,12.4,Resolved,4
T00012,C00012,2025-03-16,Billing,High,19.1,Resolved,3
T00013,C00013,Storage,Medium,10.8,Resolved,4
T00014,C00014,2025-04-25,Security,High,17.6,Resolved,3
T00015,C00015,2025-05-30,Performance,Urgent,28.9,Escalated,2
T00016,C00016,2025-02-19,Account,Low,4.8,Closed,5
T00017,C00017,2025-06-08,Technical,High,21.3,Resolved,3
T00018,C00018,2025-03-27,Feature Request,Low,7.1,Closed,5
T00019,C00019,2025-01-13,Billing,Medium,11.2,Resolved,4
T00020,C00020,2025-07-18,Performance,High,20.5,Resolved,3
T00021,C00021,Technical,Medium,14.3,Resolved,4
T00022,C00022,Storage,Low,5.6,Closed,5
T00023,C00023,Account,High,18.2,Resolved,3
T00024,C00024,Security,Urgent,34.7,Escalated,2
T00025,C00025,Billing,Medium,10.4,Resolved,4
T00026,C00026,Performance,High,23.1,Resolved,3
T00027,C00027,Technical,Low,6.8,Closed,5
T00028,C00028,Feature Request,Medium,8.9,Closed,4
T00029,C00029,Storage,High,16.4,Resolved,3
T00030,C00030,Account,Low,3.9,Closed,5
T00031,C00031,Billing,High,17.2,Resolved,3
T00032,C00032,Technical,Urgent,30.6,Escalated,2
T00033,C00033,Performance,Medium,12.7,Resolved,4
T00034,C00034,Security,High,19.8,Resolved,3
T00035,C00035,Storage,Low,5.1,Closed,5
T00036,C00036,Account,Medium,9.6,Resolved,4
T00037,C00037,Technical,High,21.7,Resolved,3
T00038,C00038,Billing,Low,4.4,Closed,5
T00039,C00039,Performance,Medium,15.2,Resolved,4
T00040,C00040,Feature Request,Low,6.2,Closed,5
  T00041,C00041,2025-02-08,Technical,High,19.7,Resolved,3
T00042,C00042,2025-03-14,Billing,Medium,8.6,Closed,4
T00043,C00043,2025-04-22,Performance,High,24.1,Resolved,3
T00044,C00044,2025-05-06,Account,Low,3.8,Closed,5
T00045,C00045,2025-06-17,Storage,Medium,12.9,Resolved,4
T00046,C00046,2025-01-25,Technical,Urgent,32.5,Escalated,2
T00047,C00047,2025-07-11,Billing,High,17.3,Resolved,3
T00048,C00048,2025-02-27,Feature Request,Low,5.9,Closed,5
T00049,C00049,2025-03-31,Performance,Medium,14.6,Resolved,4
T00050,C00050,2025-04-18,Account,Low,4.2,Closed,5
T00051,C00051,2025-05-23,Technical,Medium,11.7,Resolved,4
T00052,C00052,2025-06-29,Billing,High,20.4,Resolved,3
T00053,C00053,2025-07-07,Storage,Medium,13.1,Resolved,4
T00054,C00054,2025-01-16,Security,High,18.9,Resolved,3
T00055,C00055,2025-02-24,Performance,Urgent,29.8,Escalated,2
T00056,C00056,2025-03-09,Account,Low,4.7,Closed,5
T00057,C00057,2025-04-13,Technical,High,22.5,Resolved,3
T00058,C00058,2025-05-19,Feature Request,Low,6.7,Closed,5
T00059,C00059,2025-06-03,Billing,Medium,10.9,Resolved,4
T00060,C00060,2025-07-21,Performance,High,21.6,Resolved,3
T00061,C00061,2025-01-30,Technical,Medium,13.8,Resolved,4
T00062,C00062,2025-02-15,Storage,Low,5.4,Closed,5
T00063,C00063,2025-03-24,Account,High,17.9,Resolved,3
T00064,C00064,2025-04-29,Security,Urgent,35.2,Escalated,2
T00065,C00065,2025-05-14,Billing,Medium,9.8,Resolved,4
T00066,C00066,2025-06-22,Performance,High,22.8,Resolved,3
T00067,C00067,2025-07-16,Technical,Low,6.5,Closed,5
T00068,C00068,2025-01-21,Feature Request,Medium,9.3,Closed,4
T00069,C00069,2025-02-06,Storage,High,15.8,Resolved,3
T00070,C00070,2025-03-18,Account,Low,4.0,Closed,5
T00071,C00071,2025-04-05,Billing,High,18.1,Resolved,3
T00072,C00072,2025-05-28,Technical,Urgent,31.8,Escalated,2
T00073,C00073,2025-06-11,Performance,Medium,12.1,Resolved,4
T00074,C00074,2025-07-04,Security,High,20.2,Resolved,3
T00075,C00075,2025-01-12,Storage,Low,5.3,Closed,5
T00076,C00076,2025-02-20,Account,Medium,8.7,Resolved,4
T00077,C00077,2025-03-29,Technical,High,23.4,Resolved,3
T00078,C00078,2025-04-16,Billing,Low,4.6,Closed,5
T00079,C00079,2025-05-08,Performance,Medium,14.9,Resolved,4
T00080,C00080,2025-06-25,Feature Request,Low,6.1,Closed,5
T00081,C00081,2025-07-13,Storage,High,17.1,Resolved,3
T00082,C00082,2025-01-28,Technical,Urgent,33.6,Escalated,2
T00083,C00083,2025-02-17,Billing,Medium,11.5,Resolved,4
T00084,C00084,2025-03-07,Performance,High,21.9,Resolved,3
T00085,C00085,2025-04-24,Security,High,18.4,Resolved,3
T00086,C00086,2025-05-17,Storage,Low,5.8,Closed,5
T00087,C00087,2025-06-07,Account,Medium,10.2,Resolved,4
T00088,C00088,2025-07-25,Technical,High,20.8,Resolved,3
T00089,C00089,2025-01-19,Billing,Low,4.3,Closed,5
T00090,C00090,2025-02-09,Performance,Medium,15.7,Resolved,4
T00091,C00091,2025-03-22,Feature Request,Low,7.4,Closed,5
T00092,C00092,2025-04-11,Storage,High,16.9,Resolved,3
T00093,C00093,2025-05-31,Account,Low,3.6,Closed,5
T00094,C00094,2025-06-14,Billing,High,19.5,Resolved,3
T00095,C00095,2025-07-08,Technical,Medium,13.6,Resolved,4
T00096,C00096,2025-01-24,Security,Urgent,30.9,Escalated,2
T00097,C00097,2025-02-26,Performance,High,23.7,Resolved,3
T00098,C00098,2025-03-12,Account,Medium,9.1,Resolved,4
T00099,C00099,2025-04-20,Storage,Low,5.0,Closed,5
T00100,C00100,2025-05-25,Billing,High,18.7,Resolved,3
T00101,C00101,2025-06-18,Technical,Medium,12.8,Resolved,4
T00102,C00102,2025-07-02,Performance,High,22.1,Resolved,3
T00103,C00103,2025-01-07,Account,Low,3.9,Closed,5
T00104,C00104,2025-02-13,Feature Request,Low,6.5,Closed,5
T00105,C00105,2025-03-26,Billing,Medium,10.7,Resolved,4
T00106,C00106,2025-04-08,Technical,Urgent,34.1,Escalated,2
T00107,C00107,2025-05-16,Storage,High,17.8,Resolved,3
T00108,C00108,2025-06-27,Performance,Medium,14.2,Resolved,4
T00109,C00109,2025-07-19,Security,High,21.3,Resolved,3
T00110,C00110,2025-01-31,Account,Low,4.5,Closed,5
T00111,C00111,2025-02-22,Technical,High,20.1,Resolved,3
T00112,C00112,2025-03-15,Billing,Medium,9.9,Resolved,4
T00113,C00113,2025-04-27,Performance,High,24.6,Resolved,3
T00114,C00114,2025-05-11,Storage,Low,5.7,Closed,5
T00115,C00115,2025-06-05,Account,Medium,11.1,Resolved,4
T00116,C00116,2025-07-23,Technical,Urgent,32.2,Escalated,2
T00117,C00117,2025-01-14,Billing,High,16.6,Resolved,3
T00118,C00118,2025-02-05,Feature Request,Low,6.9,Closed,5
T00119,C00119,2025-03-20,Performance,Medium,13.4,Resolved,4
T00120,C00120,2025-04-15,Security,High,19.2,Resolved,3
T00121,C00121,2025-05-29,Storage,Medium,10.5,Resolved,4
T00122,C00122,2025-06-12,Account,Low,4.1,Closed,5
T00123,C00123,2025-07-06,Technical,High,22.3,Resolved,3
T00124,C00124,2025-01-26,Billing,Urgent,29.4,Escalated,2
T00125,C00125,2025-02-18,Performance,High,18.8,Resolved,3
T00126,C00126,2025-03-04,Feature Request,Low,7.2,Closed,5
T00127,C00127,2025-04-23,Storage,Medium,12.3,Resolved,4
T00128,C00128,2025-05-07,Account,High,17.5,Resolved,3
T00129,C00129,2025-06-21,Technical,Medium,11.9,Resolved,4
T00130,C00130,2025-07-15,Billing,Low,4.8,Closed,5
T00131,C00131,2025-01-10,Performance,High,23.2,Resolved,3
T00132,C00132,2025-02-25,Security,Urgent,36.4,Escalated,2
T00133,C00133,2025-03-11,Storage,Low,5.5,Closed,5
T00134,C00134,2025-04-30,Account,Medium,9.4,Resolved,4
T00135,C00135,2025-05-21,Technical,High,21.1,Resolved,3
T00136,C00136,2025-06-09,Billing,Medium,10.1,Resolved,4
T00137,C00137,2025-07-27,Performance,High,25.3,Resolved,3
T00138,C00138,2025-01-17,Feature Request,Low,6.0,Closed,5
T00139,C00139,2025-02-12,Storage,High,16.2,Resolved,3
T00140,C00140,2025-03-30,Technical,Urgent,30.7,Escalated,2
  T00141,C00141,2025-04-12,Billing,High,18.3,Resolved,3
T00142,C00142,2025-05-04,Technical,Medium,12.6,Resolved,4
T00143,C00143,2025-06-16,Performance,High,23.8,Resolved,3
T00144,C00144,2025-07-09,Account,Low,4.4,Closed,5
T00145,C00145,2025-01-22,Storage,Medium,11.8,Resolved,4
T00146,C00146,2025-02-16,Security,Urgent,33.1,Escalated,2
T00147,C00147,2025-03-25,Technical,High,19.6,Resolved,3
T00148,C00148,2025-04-06,Feature Request,Low,6.4,Closed,5
T00149,C00149,2025-05-18,Billing,Medium,10.6,Resolved,4
T00150,C00150,2025-06-28,Performance,High,21.8,Resolved,3
T00151,C00151,2025-07-17,Account,Low,3.8,Closed,5
T00152,C00152,2025-01-27,Technical,Medium,13.7,Resolved,4
T00153,C00153,2025-02-21,Storage,High,17.4,Resolved,3
T00154,C00154,2025-03-13,Billing,Low,4.9,Closed,5
T00155,C00155,2025-04-26,Performance,Urgent,31.6,Escalated,2
T00156,C00156,2025-05-13,Security,High,20.7,Resolved,3
T00157,C00157,2025-06-06,Account,Medium,9.7,Resolved,4
T00158,C00158,2025-07-22,Technical,High,22.6,Resolved,3
T00159,C00159,2025-01-15,Feature Request,Low,5.8,Closed,5
T00160,C00160,2025-02-28,Billing,Medium,11.4,Resolved,4
T00161,C00161,2025-03-08,Performance,High,24.2,Resolved,3
T00162,C00162,2025-04-19,Storage,Low,5.2,Closed,5
T00163,C00163,2025-05-27,Account,High,18.6,Resolved,3
T00164,C00164,2025-06-15,Technical,Urgent,34.5,Escalated,2
T00165,C00165,2025-07-05,Billing,Medium,9.5,Resolved,4
T00166,C00166,2025-01-23,Performance,High,20.9,Resolved,3
T00167,C00167,2025-02-11,Security,Medium,13.2,Resolved,4
T00168,C00168,2025-03-19,Storage,Low,6.1,Closed,5
T00169,C00169,2025-04-28,Technical,High,21.5,Resolved,3
T00170,C00170,2025-05-09,Account,Low,4.0,Closed,5
T00171,C00171,2025-06-23,Billing,High,17.7,Resolved,3
T00172,C00172,2025-07-12,Performance,Medium,14.5,Resolved,4
T00173,C00173,2025-01-18,Feature Request,Low,6.6,Closed,5
T00174,C00174,2025-02-07,Storage,High,16.7,Resolved,3
T00175,C00175,2025-03-28,Account,Medium,10.3,Resolved,4
T00176,C00176,2025-04-14,Technical,Urgent,30.2,Escalated,2
T00177,C00177,2025-05-24,Billing,High,19.4,Resolved,3
T00178,C00178,2025-06-10,Performance,Medium,12.5,Resolved,4
T00179,C00179,2025-07-26,Security,High,18.8,Resolved,3
T00180,C00180,2025-01-29,Storage,Low,5.7,Closed,5
T00181,C00181,2025-02-23,Account,High,17.2,Resolved,3
T00182,C00182,2025-03-17,Technical,Medium,13.9,Resolved,4
T00183,C00183,2025-04-21,Billing,Low,4.6,Closed,5
T00184,C00184,2025-05-15,Performance,High,22.4,Resolved,3
T00185,C00185,2025-06-30,Feature Request,Low,7.0,Closed,5
T00186,C00186,2025-07-20,Storage,Medium,11.3,Resolved,4
T00187,C00187,2025-01-11,Technical,High,20.6,Resolved,3
T00188,C00188,2025-02-19,Billing,Urgent,32.8,Escalated,2
T00189,C00189,2025-03-06,Account,Low,4.2,Closed,5
T00190,C00190,2025-04-09,Performance,Medium,15.1,Resolved,4
T00191,C00191,2025-05-20,Security,High,19.7,Resolved,3
T00192,C00192,2025-06-26,Storage,Low,5.4,Closed,5
T00193,C00193,2025-07-14,Technical,Medium,12.2,Resolved,4
T00194,C00194,2025-01-20,Billing,High,18.1,Resolved,3
T00195,C00195,2025-02-04,Performance,Urgent,29.7,Escalated,2
T00196,C00196,2025-03-23,Account,Medium,9.8,Resolved,4
T00197,C00197,2025-04-17,Feature Request,Low,6.3,Closed,5
T00198,C00198,2025-05-05,Storage,High,16.5,Resolved,3
T00199,C00199,2025-06-19,Technical,Medium,14.1,Resolved,4
T00200,C00200,2025-07-24,Billing,High,20.3,Resolved,3
T00201,C00201,2025-01-13,Performance,Low,5.9,Closed,5
T00202,C00202,2025-02-27,Security,High,21.2,Resolved,3
T00203,C00203,2025-03-10,Account,Medium,10.9,Resolved,4
T00204,C00204,2025-04-25,Technical,Urgent,35.7,Escalated,2
T00205,C00205,2025-05-31,Billing,High,17.9,Resolved,3
T00206,C00206,2025-06-13,Storage,Medium,11.6,Resolved,4
T00207,C00207,2025-07-07,Performance,High,23.5,Resolved,3
T00208,C00208,2025-01-26,Feature Request,Low,6.8,Closed,5
T00209,C00209,2025-02-15,Account,Low,4.1,Closed,5
T00210,C00210,2025-03-30,Technical,High,20.4,Resolved,3
T00211,C00211,2025-04-13,Billing,Medium,9.6,Resolved,4
T00212,C00212,2025-05-17,Performance,High,22.7,Resolved,3
T00213,C00213,2025-06-04,Storage,Low,5.5,Closed,5
T00214,C00214,2025-07-18,Security,High,18.3,Resolved,3
T00215,C00215,2025-01-09,Technical,Medium,13.4,Resolved,4
T00216,C00216,2025-02-25,Billing,Urgent,31.9,Escalated,2
T00217,C00217,2025-03-14,Account,Low,3.7,Closed,5
T00218,C00218,2025-04-30,Performance,Medium,14.8,Resolved,4
T00219,C00219,2025-05-12,Feature Request,Low,7.3,Closed,5
T00220,C00220,2025-06-22,Storage,High,17.6,Resolved,3
T00221,C00221,2025-07-03,Technical,High,21.4,Resolved,3
T00222,C00222,2025-01-17,Billing,Medium,10.8,Resolved,4
T00223,C00223,2025-02-08,Performance,High,24.9,Resolved,3
T00224,C00224,2025-03-27,Account,Low,4.5,Closed,5
T00225,C00225,2025-04-05,Security,Urgent,33.8,Escalated,2
T00226,C00226,2025-05-26,Storage,Medium,12.4,Resolved,4
T00227,C00227,2025-06-08,Technical,High,19.8,Resolved,3
T00228,C00228,2025-07-16,Billing,Low,4.3,Closed,5
T00229,C00229,2025-01-31,Performance,Medium,13.6,Resolved,4
T00230,C00230,2025-02-18,Feature Request,Low,6.2,Closed,5
T00231,C00231,2025-03-21,Account,High,18.5,Resolved,3
T00232,C00232,2025-04-11,Technical,Medium,11.7,Resolved,4
T00233,C00233,2025-05-07,Billing,High,20.1,Resolved,3
T00234,C00234,2025-06-16,Performance,Urgent,30.5,Escalated,2
T00235,C00235,2025-07-28,Storage,Low,5.1,Closed,5
T00236,C00236,2025-01-24,Security,High,17.3,Resolved,3
T00237,C00237,2025-02-10,Technical,Medium,12.9,Resolved,4
T00238,C00238,2025-03-25,Billing,Low,4.7,Closed,5
T00239,C00239,2025-04-18,Performance,High,23.6,Resolved,3
T00240,C00240,2025-05-29,Account,Medium,9.4,Resolved,4
T00241,C00241,2025-06-11,Storage,High,16.8,Resolved,3
T00242,C00242,2025-07-05,Technical,Urgent,32.1,Escalated,2
T00243,C00243,2025-01-16,Billing,Medium,10.2,Resolved,4
T00244,C00244,2025-02-22,Performance,High,21.7,Resolved,3
T00245,C00245,2025-03-09,Feature Request,Low,6.5,Closed,5
T00246,C00246,2025-04-24,Security,High,19.3,Resolved,3
T00247,C00247,2025-05-18,Account,Low,4.0,Closed,5
T00248,C00248,2025-06-27,Technical,Medium,13.5,Resolved,4
T00249,C00249,2025-07-13,Billing,High,18.7,Resolved,3
T00250,C00250,2025-01-28,Storage,Low,5.6,Closed,5
T00251,C00251,2025-02-14,Performance,Medium,15.3,Resolved,4
T00252,C00252,2025-03-29,Technical,High,22.9,Resolved,3
T00253,C00253,2025-04-16,Billing,Urgent,34.6,Escalated,2
T00254,C00254,2025-05-08,Account,Low,3.9,Closed,5
T00255,C00255,2025-06-20,Security,High,18.1,Resolved,3
T00256,C00256,2025-07-09,Storage,Medium,11.1,Resolved,4
T00257,C00257,2025-01-19,Technical,High,20.5,Resolved,3
T00258,C00258,2025-02-26,Feature Request,Low,7.0,Closed,5
T00259,C00259,2025-03-12,Performance,Medium,13.8,Resolved,4
T00260,C00260,2025-04-28,Account,High,17.7,Resolved,3
T00261,C00261,2025-05-15,Billing,Low,4.5,Closed,5
T00262,C00262,2025-06-05,Technical,Medium,12.6,Resolved,4
T00263,C00263,2025-07-21,Performance,High,24.3,Resolved,3
T00264,C00264,2025-01-30,Storage,Urgent,30.8,Escalated,2
T00265,C00265,2025-02-17,Security,High,19.6,Resolved,3
T00266,C00266,2025-03-05,Account,Low,4.2,Closed,5
T00267,C00267,2025-04-20,Technical,Medium,10.7,Resolved,4
T00268,C00268,2025-05-23,Billing,High,18.9,Resolved,3
T00269,C00269,2025-06-14,Feature Request,Low,6.4,Closed,5
T00270,C00270,2025-07-25,Performance,Medium,14.7,Resolved,4
T00271,C00271,2025-01-12,Storage,High,16.3,Resolved,3
T00272,C00272,2025-02-28,Technical,Urgent,33.4,Escalated,2
T00273,C00273,2025-03-18,Billing,Medium,9.3,Resolved,4
T00274,C00274,2025-04-07,Account,Low,4.6,Closed,5
T00275,C00275,2025-05-30,Security,High,21.1,Resolved,3
T00276,C00276,2025-06-18,Performance,High,23.2,Resolved,3
T00277,C00277,2025-07-11,Technical,Medium,12.5,Resolved,4
T00278,C00278,2025-01-25,Storage,Low,5.3,Closed,5
T00279,C00279,2025-02-09,Billing,High,17.5,Resolved,3
T00280,C00280,2025-03-23,Feature Request,Low,6.9,Closed,5
T00281,C00281,2025-04-14,Account,Medium,10.4,Resolved,4
T00282,C00282,2025-05-06,Technical,High,22.0,Resolved,3
T00283,C00283,2025-06-29,Performance,Urgent,31.3,Escalated,2
T00284,C00284,2025-07-17,Security,Medium,14.2,Resolved,4
T00285,C00285,2025-01-21,Billing,Low,4.1,Closed,5
T00286,C00286,2025-02-13,Storage,High,18.4,Resolved,3
T00287,C00287,2025-03-31,Technical,Medium,13.1,Resolved,4
T00288,C00288,2025-04-22,Performance,High,25.1,Resolved,3
T00289,C00289,2025-05-19,Account,Low,3.8,Closed,5
T00290,C00290,2025-06-09,Billing,High,19.2,Resolved,3
T00291,C00291,2025-07-27,Feature Request,Low,6.1,Closed,5
T00292,C00292,2025-01-15,Security,Urgent,35.1,Escalated,2
T00293,C00293,2025-02-24,Technical,High,20.3,Resolved,3
T00294,C00294,2025-03-07,Storage,Medium,11.5,Resolved,4
T00295,C00295,2025-04-17,Billing,Low,4.8,Closed,5
T00296,C00296,2025-05-28,Performance,High,22.6,Resolved,3
T00297,C00297,2025-06-12,Account,Medium,9.9,Resolved,4
T00298,C00298,2025-07-03,Technical,High,18.6,Resolved,3
T00299,C00299,2025-01-27,Feature Request,Low,7.5,Closed,5
T00300,C00300,2025-02-20,Billing,Medium,10.6,Resolved,4
T00301,C00301,2025-03-16,Performance,High,23.9,Resolved,3
T00302,C00302,2025-04-29,Storage,Low,5.2,Closed,5
T00303,C00303,2025-05-13,Technical,Urgent,32.7,Escalated,2
T00304,C00304,2025-06-25,Account,Medium,11.8,Resolved,4
T00305,C00305,2025-07-19,Billing,High,17.4,Resolved,3
T00306,C00306,2025-01-08,Security,High,19.1,Resolved,3
T00307,C00307,2025-02-16,Performance,Medium,14.4,Resolved,4
T00308,C00308,2025-03-26,Feature Request,Low,6.7,Closed,5
T00309,C00309,2025-04-10,Storage,High,16.9,Resolved,3
T00310,C00310,2025-05-22,Account,Low,4.3,Closed,5
T00311,C00311,2025-06-07,Technical,Medium,13.6,Resolved,4
T00312,C00312,2025-07-15,Billing,High,20.8,Resolved,3
T00313,C00313,2025-01-23,Performance,Urgent,29.9,Escalated,2
T00314,C00314,2025-02-05,Storage,Low,5.5,Closed,5
T00315,C00315,2025-03-20,Technical,High,21.5,Resolved,3
T00316,C00316,2025-04-26,Account,Medium,9.7,Resolved,4
T00317,C00317,2025-05-11,Billing,Low,4.6,Closed,5
T00318,C00318,2025-06-19,Security,High,18.9,Resolved,3
T00319,C00319,2025-07-08,Performance,Medium,12.8,Resolved,4
T00320,C00320,2025-01-29,Feature Request,Low,6.2,Closed,5
T00321,C00321,2025-02-12,Technical,High,22.2,Resolved,3
T00322,C00322,2025-03-09,Billing,Urgent,31.5,Escalated,2
T00323,C00323,2025-04-18,Storage,Medium,10.9,Resolved,4
T00324,C00324,2025-05-07,Account,Low,4.0,Closed,5
T00325,C00325,2025-06-21,Performance,High,24.7,Resolved,3
T00326,C00326,2025-07-26,Technical,Medium,13.3,Resolved,4
T00327,C00327,2025-01-17,Security,High,20.0,Resolved,3
T00328,C00328,2025-02-23,Billing,Low,4.7,Closed,5
T00329,C00329,2025-03-14,Feature Request,Low,6.8,Closed,5
T00330,C00330,2025-04-05,Storage,High,17.8,Resolved,3
T00331,C00331,2025-05-25,Account,Medium,10.2,Resolved,4
T00332,C00332,2025-06-15,Technical,Urgent,34.2,Escalated,2
T00333,C00333,2025-07-12,Billing,High,18.5,Resolved,3
T00334,C00334,2025-01-31,Performance,Medium,14.1,Resolved,4
T00335,C00335,2025-02-07,Storage,Low,5.0,Closed,5
T00336,C00336,2025-03-28,Security,High,19.7,Resolved,3
T00337,C00337,2025-04-16,Technical,Medium,12.4,Resolved,4
T00338,C00338,2025-05-09,Account,Low,3.9,Closed,5
T00339,C00339,2025-06-27,Performance,High,23.3,Resolved,3
T00340,C00340,2025-07-20,Billing,Medium,10.5,Resolved,4
T00341,C00341,2025-01-14,Technical,High,21.0,Resolved,3
T00342,C00342,2025-02-26,Feature Request,Low,7.1,Closed,5
T00343,C00343,2025-03-19,Storage,Medium,11.7,Resolved,4
T00344,C00344,2025-04-24,Account,High,18.2,Resolved,3
T00345,C00345,2025-05-16,Billing,Urgent,30.4,Escalated,2
T00346,C00346,2025-06-05,Performance,High,22.5,Resolved,3
T00347,C00347,2025-07-04,Security,Medium,14.8,Resolved,4
T00348,C00348,2025-01-22,Technical,Low,4.4,Closed,5
T00349,C00349,2025-02-18,Storage,High,16.1,Resolved,3
T00350,C00350,2025-03-30,Account,Medium,9.2,Resolved,4
T00351,C00351,2025-04-12,Billing,High,19.5,Resolved,3
T00352,C00352,2025-05-29,Performance,Low,5.7,Closed,5
T00353,C00353,2025-06-13,Technical,Medium,13.9,Resolved,4
T00354,C00354,2025-07-24,Security,High,20.7,Resolved,3
T00355,C00355,2025-01-11,Feature Request,Low,6.4,Closed,5
T00356,C00356,2025-02-21,Billing,Medium,10.8,Resolved,4
T00357,C00357,2025-03-06,Storage,High,17.2,Resolved,3
T00358,C00358,2025-04-20,Account,Urgent,33.5,Escalated,2
T00359,C00359,2025-05-08,Performance,Medium,14.6,Resolved,4
T00360,C00360,2025-06-23,Technical,High,22.1,Resolved,3
T00361,C00361,2025-07-10,Billing,Low,4.5,Closed,5
T00362,C00362,2025-01-25,Security,High,18.8,Resolved,3
T00363,C00363,2025-02-09,Storage,Medium,11.2,Resolved,4
T00364,C00364,2025-03-17,Feature Request,Low,6.6,Closed,5
T00365,C00365,2025-04-28,Technical,Urgent,31.1,Escalated,2
T00366,C00366,2025-05-19,Account,Low,4.1,Closed,5
T00367,C00367,2025-06-08,Billing,High,17.6,Resolved,3
T00368,C00368,2025-07-17,Performance,Medium,13.7,Resolved,4
T00369,C00369,2025-01-18,Storage,Low,5.4,Closed,5
T00370,C00370,2025-02-28,Technical,High,21.8,Resolved,3
T00371,C00371,2025-03-11,Account,Medium,10.1,Resolved,4
T00372,C00372,2025-04-07,Billing,High,19.0,Resolved,3
T00373,C00373,2025-05-26,Security,High,20.4,Resolved,3
T00374,C00374,2025-06-17,Performance,Urgent,30.9,Escalated,2
T00375,C00375,2025-07-02,Feature Request,Low,6.9,Closed,5
T00376,C00376,2025-01-30,Storage,Medium,12.0,Resolved,4
T00377,C00377,2025-02-14,Technical,High,18.6,Resolved,3
T00378,C00378,2025-03-24,Billing,Low,4.8,Closed,5
T00379,C00379,2025-04-15,Account,High,17.9,Resolved,3
T00380,C00380,2025-05-31,Performance,Medium,14.3,Resolved,4
T00381,C00381,2025-06-10,Security,High,19.8,Resolved,3
T00382,C00382,2025-07-28,Technical,Urgent,34.8,Escalated,2
T00383,C00383,2025-01-20,Storage,Low,5.6,Closed,5
T00384,C00384,2025-02-06,Billing,Medium,10.4,Resolved,4
T00385,C00385,2025-03-15,Performance,High,23.1,Resolved,3
T00386,C00386,2025-04-30,Account,Low,4.2,Closed,5
T00387,C00387,2025-05-14,Feature Request,Low,7.4,Closed,5
T00388,C00388,2025-06-25,Technical,High,20.9,Resolved,3
T00389,C00389,2025-07-07,Security,Medium,13.5,Resolved,4
T00390,C00390,2025-01-16,Billing,High,18.0,Resolved,3
T00391,C00391,2025-02-24,Storage,Urgent,32.6,Escalated,2
T00392,C00392,2025-03-08,Performance,Medium,12.9,Resolved,4
T00393,C00393,2025-04-19,Account,High,17.1,Resolved,3
T00394,C00394,2025-05-05,Technical,Low,4.6,Closed,5
T00395,C00395,2025-06-14,Billing,Medium,11.0,Resolved,4
T00396,C00396,2025-07-21,Security,High,21.5,Resolved,3
T00397,C00397,2025-01-27,Feature Request,Low,6.3,Closed,5
T00398,C00398,2025-02-11,Storage,High,16.7,Resolved,3
T00399,C00399,2025-03-29,Technical,Medium,13.2,Resolved,4
T00400,C00400,2025-04-22,Performance,Urgent,29.5,Escalated,2
T00401,C00401,2025-05-18,Account,Low,3.9,Closed,5
T00402,C00402,2025-06-06,Billing,High,18.7,Resolved,3
T00403,C00403,2025-07-16,Storage,Medium,10.6,Resolved,4
T00404,C00404,2025-01-13,Technical,High,22.4,Resolved,3
T00405,C00405,2025-02-27,Feature Request,Low,7.0,Closed,5
T00406,C00406,2025-03-21,Performance,Medium,14.9,Resolved,4
T00407,C00407,2025-04-11,Account,High,18.9,Resolved,3
T00408,C00408,2025-05-30,Billing,Low,4.4,Closed,5
T00409,C00409,2025-06-19,Security,High,20.1,Resolved,3
T00410,C00410,2025-07-09,Technical,Urgent,33.2,Escalated,2
T00411,C00411,2025-01-24,Storage,Medium,11.5,Resolved,4
T00412,C00412,2025-02-16,Performance,High,24.0,Resolved,3
T00413,C00413,2025-03-05,Account,Low,4.0,Closed,5
T00414,C00414,2025-04-27,Billing,High,17.8,Resolved,3
T00415,C00415,2025-05-12,Technical,Medium,12.3,Resolved,4
T00416,C00416,2025-06-28,Feature Request,Low,6.5,Closed,5
T00417,C00417,2025-07-18,Security,High,19.6,Resolved,3
T00418,C00418,2025-01-09,Storage,Urgent,31.7,Escalated,2
T00419,C00419,2025-02-20,Performance,Medium,14.0,Resolved,4
T00420,C00420,2025-03-13,Technical,High,21.2,Resolved,3
T00421,C00421,2025-04-05,Billing,Low,4.7,Closed,5
T00422,C00422,2025-05-25,Account,Medium,10.9,Resolved,4
T00423,C00423,2025-06-11,Storage,High,16.5,Resolved,3
T00424,C00424,2025-07-04,Performance,High,22.8,Resolved,3
T00425,C00425,2025-01-29,Feature Request,Low,6.1,Closed,5
T00426,C00426,2025-02-08,Security,Medium,13.6,Resolved,4
T00427,C00427,2025-03-26,Technical,Urgent,35.0,Escalated,2
T00428,C00428,2025-04-16,Billing,High,18.2,Resolved,3
T00429,C00429,2025-05-07,Account,Low,4.3,Closed,5
T00430,C00430,2025-06-22,Performance,Medium,15.5,Resolved,4
T00431,C00431,2025-07-13,Storage,High,17.0,Resolved,3
T00432,C00432,2025-01-18,Technical,Medium,12.1,Resolved,4
T00433,C00433,2025-02-25,Billing,High,19.9,Resolved,3
T00434,C00434,2025-03-17,Security,Urgent,32.4,Escalated,2
T00435,C00435,2025-04-09,Feature Request,Low,7.2,Closed,5
T00436,C00436,2025-05-20,Performance,High,23.7,Resolved,3
T00437,C00437,2025-06-07,Account,Medium,9.8,Resolved,4
T00438,C00438,2025-07-27,Technical,High,20.6,Resolved,3
T00439,C00439,2025-01-31,Storage,Low,5.0,Closed,5
T00440,C00440,2025-02-12,Billing,Medium,11.3,Resolved,4
T00441,C00441,2025-03-30,Performance,High,24.5,Resolved,3
T00442,C00442,2025-04-23,Security,High,18.7,Resolved,3
T00443,C00443,2025-05-15,Technical,Urgent,30.1,Escalated,2
T00444,C00444,2025-06-13,Account,Low,4.5,Closed,5
T00445,C00445,2025-07-05,Feature Request,Low,6.6,Closed,5
T00446,C00446,2025-01-22,Storage,Medium,10.7,Resolved,4
T00447,C00447,2025-02-18,Billing,High,17.6,Resolved,3
T00448,C00448,2025-03-09,Technical,Medium,13.8,Resolved,4
T00449,C00449,2025-04-28,Performance,High,21.9,Resolved,3
T00450,C00450,2025-05-06,Account,Low,3.8,Closed,5
T00451,C00451,2025-06-20,Security,High,19.4,Resolved,3
T00452,C00452,2025-07-11,Storage,Urgent,33.7,Escalated,2
T00453,C00453,2025-01-15,Technical,Medium,12.5,Resolved,4
T00454,C00454,2025-02-28,Billing,High,18.8,Resolved,3
T00455,C00455,2025-03-19,Feature Request,Low,7.1,Closed,5
T00456,C00456,2025-04-14,Performance,Medium,14.6,Resolved,4
T00457,C00457,2025-05-27,Account,High,17.3,Resolved,3
T00458,C00458,2025-06-08,Storage,Low,5.2,Closed,5
T00459,C00459,2025-07-22,Technical,High,22.0,Resolved,3
T00460,C00460,2025-01-26,Billing,Urgent,31.0,Escalated,2
T00461,C00461,2025-02-07,Security,Medium,13.4,Resolved,4
T00462,C00462,2025-03-24,Performance,High,23.4,Resolved,3
T00463,C00463,2025-04-18,Account,Low,4.2,Closed,5
T00464,C00464,2025-05-09,Technical,Medium,11.9,Resolved,4
T00465,C00465,2025-06-26,Storage,High,16.8,Resolved,3
T00466,C00466,2025-07-15,Billing,Low,4.6,Closed,5
T00467,C00467,2025-01-11,Feature Request,Low,6.8,Closed,5
T00468,C00468,2025-02-23,Performance,High,20.9,Resolved,3
T00469,C00469,2025-03-12,Account,Medium,10.5,Resolved,4
T00470,C00470,2025-04-30,Security,Urgent,34.3,Escalated,2
T00471,C00471,2025-05-21,Technical,High,18.4,Resolved,3
T00472,C00472,2025-06-17,Billing,Medium,12.7,Resolved,4
T00473,C00473,2025-07-08,Storage,Low,5.5,Closed,5
T00474,C00474,2025-01-19,Performance,High,22.3,Resolved,3
T00475,C00475,2025-02-14,Account,Low,4.0,Closed,5
T00476,C00476,2025-03-28,Technical,Medium,13.1,Resolved,4
T00477,C00477,2025-04-07,Billing,High,19.2,Resolved,3
T00478,C00478,2025-05-31,Feature Request,Low,7.3,Closed,5
T00479,C00479,2025-06-12,Security,High,21.6,Resolved,3
T00480,C00480,2025-07-25,Storage,Medium,10.8,Resolved,4
T00481,C00481,2025-01-30,Technical,Urgent,32.9,Escalated,2
T00482,C00482,2025-02-09,Performance,High,24.4,Resolved,3
T00483,C00483,2025-03-16,Account,Medium,9.6,Resolved,4
T00484,C00484,2025-04-21,Billing,Low,4.5,Closed,5
T00485,C00485,2025-05-13,Storage,High,17.9,Resolved,3
T00486,C00486,2025-06-29,Technical,Medium,12.2,Resolved,4
T00487,C00487,2025-07-19,Feature Request,Low,6.7,Closed,5
T00488,C00488,2025-01-17,Security,High,18.6,Resolved,3
T00489,C00489,2025-02-26,Performance,Urgent,30.6,Escalated,2
T00490,C00490,2025-03-07,Account,Low,3.9,Closed,5
T00491,C00491,2025-04-12,Billing,Medium,10.3,Resolved,4
T00492,C00492,2025-05-29,Technical,High,21.7,Resolved,3
T00493,C00493,2025-06-05,Storage,Low,5.4,Closed,5
T00494,C00494,2025-07-14,Performance,High,23.0,Resolved,3
T00495,C00495,2025-01-24,Feature Request,Low,6.2,Closed,5
T00496,C00496,2025-02-16,Security,Medium,14.1,Resolved,4
T00497,C00497,2025-03-25,Account,High,17.8,Resolved,3
T00498,C00498,2025-04-26,Technical,Urgent,35.4,Escalated,2
T00499,C00499,2025-05-18,Billing,High,19.0,Resolved,3
T00500,C00500,2025-06-22,Performance,Medium,13.7,Resolved,4
