transaction_id,customer_id,subscription_id,transaction_date,amount,payment_method,payment_status,transaction_type
T00001,C00001,S00001,2025-01-15,9.99,Credit Card,Success,Subscription
T00002,C00002,S00002,2025-01-18,19.99,UPI,Success,Subscription
T00003,C00003,S00003,2025-01-21,34.99,Debit Card,Success,Subscription
T00004,C00004,S00004,2025-01-25,59.99,Credit Card,Success,Subscription
T00005,C00005,S00005,2025-01-28,99.99,UPI,Success,Subscription
T00006,C00006,S00006,2025-02-02,199.99,Net Banking,Success,Subscription
T00007,C00007,S00007,2025-02-05,349.99,Credit Card,Success,Subscription
T00008,C00008,S00008,2025-02-08,599.99,Debit Card,Success,Subscription
T00009,C00009,S00001,2025-02-12,9.99,Wallet,Success,Renewal
T00010,C00010,S00002,2025-02-15,19.99,UPI,Success,Renewal
T00011,C00011,S00003,2025-02-18,34.99,Credit Card,Success,Renewal
T00012,C00012,S00004,2025-02-21,59.99,UPI,Success,Renewal
T00013,C00013,S00005,2025-02-25,99.99,Debit Card,Success,Renewal
T00014,C00014,S00006,2025-03-01,199.99,Credit Card,Success,Renewal
T00015,C00015,S00007,2025-03-04,349.99,Net Banking,Success,Renewal
T00016,C00016,S00008,2025-03-07,599.99,Credit Card,Success,Renewal
T00017,C00017,S00001,2025-03-10,8.99,UPI,Success,Renewal
T00018,C00018,S00002,2025-03-13,17.99,Wallet,Success,Renewal
T00019,C00019,S00003,2025-03-16,31.49,Credit Card,Success,Renewal
T00020,C00020,S00004,2025-03-19,53.99,Debit Card,Success,Renewal
T00021,C00021,S00005,2025-03-22,94.99,UPI,Success,Renewal
T00022,C00022,S00006,2025-03-25,189.99,Credit Card,Success,Renewal
T00023,C00023,S00007,2025-03-28,332.49,Net Banking,Success,Renewal
T00024,C00024,S00008,2025-04-01,569.99,Credit Card,Success,Renewal
T00025,C00025,S00001,2025-04-04,9.99,UPI,Success,Subscription
T00026,C00026,S00002,2025-04-07,19.99,Debit Card,Success,Subscription
T00027,C00027,S00003,2025-04-10,34.99,Credit Card,Success,Subscription
T00028,C00028,S00004,2025-04-13,59.99,UPI,Success,Subscription
T00029,C00029,S00005,2025-04-16,99.99,Net Banking,Success,Subscription
T00030,C00030,S00006,2025-04-19,199.99,Credit Card,Success,Subscription
T00031,C00031,S00007,2025-04-22,349.99,Debit Card,Success,Subscription
T00032,C00032,S00008,2025-04-25,599.99,Credit Card,Success,Subscription
T00033,C00033,S00001,2025-04-28,9.99,UPI,Success,Renewal
T00034,C00034,S00002,2025-05-01,19.99,Wallet,Success,Renewal
T00035,C00035,S00003,2025-05-04,34.99,Credit Card,Success,Renewal
T00036,C00036,S00004,2025-05-07,59.99,Debit Card,Success,Renewal
T00037,C00037,S00005,2025-05-10,99.99,UPI,Success,Renewal
T00038,C00038,S00006,2025-05-13,199.99,Credit Card,Success,Renewal
T00039,C00039,S00007,2025-05-16,349.99,Net Banking,Success,Renewal
T00040,C00040,S00008,2025-05-19,599.99,Credit Card,Success,Renewal
T00041,C00041,S00001,2025-05-22,9.99,Debit Card,Success,Renewal
T00042,C00042,S00002,2025-05-25,19.99,UPI,Success,Renewal
T00043,C00043,S00003,2025-05-28,34.99,Credit Card,Success,Renewal
T00044,C00044,S00004,2025-06-01,59.99,UPI,Success,Renewal
T00045,C00045,S00005,2025-06-04,99.99,Credit Card,Success,Renewal
T00046,C00046,S00006,2025-06-07,199.99,Net Banking,Success,Renewal
T00047,C00047,S00007,2025-06-10,349.99,Credit Card,Success,Renewal
T00048,C00048,S00008,2025-06-13,599.99,Debit Card,Success,Renewal
T00049,C00049,S00001,2025-06-16,9.99,UPI,Success,Subscription
T00050,C00050,S00002,2025-06-19,19.99,Credit Card,Success,Subscription
T00051,C00051,S00003,2025-06-22,34.99,Debit Card,Success,Subscription
T00052,C00052,S00004,2025-06-25,59.99,UPI,Success,Subscription
T00053,C00053,S00005,2025-06-28,99.99,Credit Card,Success,Subscription
T00054,C00054,S00006,2025-07-01,199.99,Net Banking,Success,Subscription
T00055,C00055,S00007,2025-07-04,349.99,Credit Card,Success,Subscription
T00056,C00056,S00008,2025-07-07,599.99,UPI,Success,Subscription
T00057,C00057,S00001,2025-07-10,9.99,Wallet,Success,Renewal
T00058,C00058,S00002,2025-07-13,19.99,Credit Card,Success,Renewal
T00059,C00059,S00003,2025-07-16,34.99,Debit Card,Success,Renewal
T00060,C00060,S00004,2025-07-19,59.99,UPI,Success,Renewal
T00061,C00061,S00005,2025-07-22,99.99,Credit Card,Success,Renewal
T00062,C00062,S00006,2025-07-25,199.99,Net Banking,Success,Renewal
T00063,C00063,S00007,2025-07-28,349.99,Credit Card,Success,Renewal
T00064,C00064,S00008,2025-08-01,599.99,Debit Card,Success,Renewal
T00065,C00065,S00001,2025-08-04,9.99,UPI,Success,Renewal
T00066,C00066,S00002,2025-08-07,19.99,Credit Card,Success,Renewal
T00067,C00067,S00003,2025-08-10,34.99,UPI,Success,Renewal
T00068,C00068,S00004,2025-08-13,59.99,Debit Card,Success,Renewal
T00069,C00069,S00005,2025-08-16,99.99,Credit Card,Success,Renewal
T00070,C00070,S00006,2025-08-19,199.99,Net Banking,Success,Renewal
T00071,C00071,S00007,2025-08-22,349.99,Credit Card,Success,Renewal
T00072,C00072,S00008,2025-08-25,599.99,UPI,Success,Renewal
T00073,C00073,S00001,2025-08-28,9.99,Credit Card,Success,Subscription
T00074,C00074,S00002,2025-08-31,19.99,Debit Card,Success,Subscription
T00075,C00075,S00003,2025-09-03,34.99,UPI,Success,Subscription
T00076,C00076,S00004,2025-09-06,59.99,Credit Card,Success,Subscription
T00077,C00077,S00005,2025-09-09,99.99,Net Banking,Success,Subscription
T00078,C00078,S00006,2025-09-12,199.99,Credit Card,Success,Subscription
T00079,C00079,S00007,2025-09-15,349.99,UPI,Success,Subscription
T00080,C00080,S00008,2025-09-18,599.99,Credit Card,Success,Subscription
T00081,C00081,S00001,2025-09-21,9.99,Debit Card,Success,Renewal
T00082,C00082,S00002,2025-09-24,19.99,UPI,Success,Renewal
T00083,C00083,S00003,2025-09-27,34.99,Credit Card,Success,Renewal
T00084,C00084,S00004,2025-09-30,59.99,Net Banking,Success,Renewal
T00085,C00085,S00005,2025-10-03,99.99,UPI,Success,Renewal
T00086,C00086,S00006,2025-10-06,199.99,Credit Card,Success,Renewal
T00087,C00087,S00007,2025-10-09,349.99,Debit Card,Success,Renewal
T00088,C00088,S00008,2025-10-12,599.99,Credit Card,Success,Renewal
T00089,C00089,S00001,2025-10-15,9.99,UPI,Success,Renewal
T00090,C00090,S00002,2025-10-18,19.99,Credit Card,Success,Renewal
T00091,C00091,S00003,2025-10-21,34.99,Debit Card,Success,Renewal
T00092,C00092,S00004,2025-10-24,59.99,UPI,Success,Renewal
T00093,C00093,S00005,2025-10-27,99.99,Credit Card,Success,Renewal
T00094,C00094,S00006,2025-10-30,199.99,Net Banking,Success,Renewal
T00095,C00095,S00007,2025-11-02,349.99,Credit Card,Success,Renewal
T00096,C00096,S00008,2025-11-05,599.99,UPI,Success,Renewal
T00097,C00097,S00001,2025-11-08,9.99,Credit Card,Success,Subscription
T00098,C00098,S00002,2025-11-11,19.99,Debit Card,Success,Subscription
T00099,C00099,S00003,2025-11-14,34.99,UPI,Success,Subscription
T00100,C00100,S00004,2025-11-17,59.99,Credit Card,Success,Subscription
T00101,C00101,S00005,2025-11-20,99.99,Net Banking,Success,Subscription
T00102,C00102,S00006,2025-11-23,199.99,Credit Card,Success,Subscription
T00103,C00103,S00007,2025-11-26,349.99,UPI,Success,Subscription
T00104,C00104,S00008,2025-11-29,599.99,Credit Card,Success,Subscription
T00105,C00105,S00001,2025-12-02,9.99,Debit Card,Success,Renewal
T00106,C00106,S00002,2025-12-05,19.99,UPI,Success,Renewal
T00107,C00107,S00003,2025-12-08,34.99,Credit Card,Success,Renewal
T00108,C00108,S00004,2025-12-11,59.99,Net Banking,Success,Renewal
T00109,C00109,S00005,2025-12-14,99.99,UPI,Success,Renewal
T00110,C00110,S00006,2025-12-17,199.99,Credit Card,Success,Renewal
T00111,C00111,S00007,2025-12-20,349.99,Debit Card,Success,Renewal
T00112,C00112,S00008,2025-12-23,599.99,Credit Card,Success,Renewal
T00113,C00113,S00001,2025-12-26,9.99,UPI,Success,Renewal
T00114,C00114,S00002,2025-12-29,19.99,Credit Card,Success,Renewal
T00115,C00115,S00003,2026-01-02,34.99,Debit Card,Success,Renewal
T00116,C00116,S00004,2026-01-05,59.99,UPI,Success,Renewal
T00117,C00117,S00005,2026-01-08,99.99,Credit Card,Success,Renewal
T00118,C00118,S00006,2026-01-11,199.99,Net Banking,Success,Renewal
T00119,C00119,S00007,2026-01-14,349.99,Credit Card,Success,Renewal
T00120,C00120,S00008,2026-01-17,599.99,UPI,Success,Renewal
T00121,C00121,S00001,2026-01-20,9.99,Credit Card,Success,Renewal
T00122,C00122,S00002,2026-01-23,19.99,Debit Card,Success,Renewal
T00123,C00123,S00003,2026-01-26,34.99,UPI,Success,Renewal
T00124,C00124,S00004,2026-01-29,59.99,Credit Card,Success,Renewal
T00125,C00125,S00005,2026-02-01,99.99,Net Banking,Success,Renewal
T00126,C00126,S00006,2026-02-04,199.99,Credit Card,Success,Renewal
T00127,C00127,S00007,2026-02-07,349.99,UPI,Success,Renewal
T00128,C00128,S00008,2026-02-10,599.99,Credit Card,Success,Renewal
T00129,C00129,S00001,2026-02-13,9.99,Debit Card,Success,Renewal
T00130,C00130,S00002,2026-02-16,19.99,UPI,Success,Renewal
T00131,C00131,S00003,2026-02-19,34.99,Credit Card,Success,Renewal
T00132,C00132,S00004,2026-02-22,59.99,Net Banking,Success,Renewal
T00133,C00133,S00005,2026-02-25,99.99,UPI,Success,Renewal
T00134,C00134,S00006,2026-02-28,199.99,Credit Card,Success,Renewal
T00135,C00135,S00007,2026-03-03,349.99,Debit Card,Success,Renewal
T00136,C00136,S00008,2026-03-06,599.99,Credit Card,Success,Renewal
T00137,C00137,S00001,2026-03-09,9.99,UPI,Success,Subscription
T00138,C00138,S00002,2026-03-12,19.99,Credit Card,Success,Subscription
T00139,C00139,S00003,2026-03-15,34.99,Debit Card,Success,Subscription
T00140,C00140,S00004,2026-03-18,59.99,UPI,Success,Subscription
T00141,C00141,S00005,2026-03-21,99.99,Credit Card,Success,Subscription
T00142,C00142,S00006,2026-03-24,199.99,Net Banking,Success,Subscription
T00143,C00143,S00007,2026-03-27,349.99,Credit Card,Success,Subscription
T00144,C00144,S00008,2026-03-30,599.99,UPI,Success,Subscription
T00145,C00145,S00001,2026-04-02,9.99,Debit Card,Success,Renewal
T00146,C00146,S00002,2026-04-05,19.99,Credit Card,Success,Renewal
T00147,C00147,S00003,2026-04-08,34.99,UPI,Success,Renewal
T00148,C00148,S00004,2026-04-11,59.99,Credit Card,Success,Renewal
T00149,C00149,S00005,2026-04-14,99.99,Net Banking,Success,Renewal
T00150,C00150,S00006,2026-04-17,199.99,Credit Card,Success,Renewal
T00151,C00151,S00007,2026-04-20,349.99,Debit Card,Success,Renewal
T00152,C00152,S00008,2026-04-23,599.99,UPI,Success,Renewal
T00153,C00153,S00001,2026-04-26,9.99,Credit Card,Success,Renewal
T00154,C00154,S00002,2026-04-29,19.99,UPI,Success,Renewal
T00155,C00155,S00003,2026-05-02,34.99,Debit Card,Success,Renewal
T00156,C00156,S00004,2026-05-05,59.99,Credit Card,Success,Renewal
T00157,C00157,S00005,2026-05-08,99.99,UPI,Success,Renewal
T00158,C00158,S00006,2026-05-11,199.99,Net Banking,Success,Renewal
T00159,C00159,S00007,2026-05-14,349.99,Credit Card,Success,Renewal
T00160,C00160,S00008,2026-05-17,599.99,Debit Card,Success,Renewal
T00161,C00161,S00001,2026-05-20,9.99,UPI,Success,Renewal
T00162,C00162,S00002,2026-05-23,19.99,Credit Card,Success,Renewal
T00163,C00163,S00003,2026-05-26,34.99,Debit Card,Success,Renewal
T00164,C00164,S00004,2026-05-29,59.99,UPI,Success,Renewal
T00165,C00165,S00005,2026-06-01,99.99,Credit Card,Success,Renewal
T00166,C00166,S00006,2026-06-04,199.99,Net Banking,Success,Renewal
T00167,C00167,S00007,2026-06-07,349.99,Credit Card,Success,Renewal
T00168,C00168,S00008,2026-06-10,599.99,UPI,Success,Renewal
T00169,C00169,S00001,2026-06-13,9.99,Debit Card,Success,Renewal
T00170,C00170,S00002,2026-06-16,19.99,Credit Card,Success,Renewal
T00171,C00171,S00003,2026-06-19,34.99,UPI,Success,Renewal
T00172,C00172,S00004,2026-06-22,59.99,Credit Card,Success,Renewal
T00173,C00173,S00005,2026-06-25,99.99,Net Banking,Success,Renewal
T00174,C00174,S00006,2026-06-28,199.99,Credit Card,Success,Renewal
T00175,C00175,S00007,2026-07-01,349.99,UPI,Success,Renewal
T00176,C00176,S00008,2026-07-04,599.99,Credit Card,Success,Renewal
T00177,C00177,S00001,2026-07-07,9.99,Debit Card,Success,Renewal
T00178,C00178,S00002,2026-07-10,19.99,UPI,Success,Renewal
T00179,C00179,S00003,2026-07-13,34.99,Credit Card,Success,Renewal
T00180,C00180,S00004,2026-07-16,59.99,Net Banking,Success,Renewal
T00181,C00181,S00005,2026-07-19,99.99,UPI,Success,Renewal
T00182,C00182,S00006,2026-07-22,199.99,Credit Card,Success,Renewal
T00183,C00183,S00007,2026-07-25,349.99,Debit Card,Success,Renewal
T00184,C00184,S00008,2026-07-28,599.99,Credit Card,Success,Renewal
T00185,C00185,S00001,2026-07-31,9.99,UPI,Success,Subscription
T00186,C00186,S00002,2026-08-03,19.99,Credit Card,Success,Subscription
T00187,C00187,S00003,2026-08-06,34.99,Debit Card,Success,Subscription
T00188,C00188,S00004,2026-08-09,59.99,UPI,Success,Subscription
T00189,C00189,S00005,2026-08-12,99.99,Credit Card,Success,Subscription
T00190,C00190,S00006,2026-08-15,199.99,Net Banking,Success,Subscription
T00191,C00191,S00007,2026-08-18,349.99,Credit Card,Success,Subscription
T00192,C00192,S00008,2026-08-21,599.99,UPI,Success,Subscription
T00193,C00193,S00001,2026-08-24,9.99,Debit Card,Success,Renewal
T00194,C00194,S00002,2026-08-27,19.99,Credit Card,Success,Renewal
T00195,C00195,S00003,2026-08-30,34.99,UPI,Success,Renewal
T00196,C00196,S00004,2026-09-02,59.99,Credit Card,Success,Renewal
T00197,C00197,S00005,2026-09-05,99.99,Net Banking,Success,Renewal
T00198,C00198,S00006,2026-09-08,199.99,Credit Card,Success,Renewal
T00199,C00199,S00007,2026-09-10,349.99,Debit Card,Success,Renewal
T00200,C00200,S00008,2026-09-10,599.99,Credit Card,Success,Renewal
T00201,C00201,S00201,2025-01-16,9.99,UPI,Success,Subscription
T00202,C00202,S00202,2025-01-19,19.99,Credit Card,Success,Subscription
T00203,C00203,S00203,2025-01-22,34.99,Debit Card,Success,Subscription
T00204,C00204,S00204,2025-01-26,59.99,Credit Card,Success,Subscription
T00205,C00205,S00205,2025-01-29,99.99,UPI,Success,Subscription
T00206,C00206,S00206,2025-02-03,199.99,Net Banking,Success,Subscription
T00207,C00207,S00207,2025-02-06,349.99,Credit Card,Success,Subscription
T00208,C00208,S00208,2025-02-09,599.99,Debit Card,Success,Subscription
T00209,C00209,S00209,2025-02-12,9.99,Wallet,Success,Subscription
T00210,C00210,S00210,2025-02-15,19.99,UPI,Success,Subscription
T00211,C00211,S00211,2025-02-18,34.99,Credit Card,Success,Subscription
T00212,C00212,S00212,2025-02-21,59.99,Debit Card,Success,Subscription
T00213,C00213,S00213,2025-02-24,99.99,UPI,Success,Subscription
T00214,C00214,S00214,2025-02-27,199.99,Credit Card,Success,Subscription
T00215,C00215,S00215,2025-03-02,349.99,Net Banking,Success,Subscription
T00216,C00216,S00216,2025-03-05,599.99,Credit Card,Success,Subscription
T00217,C00217,S00217,2025-03-08,9.99,UPI,Success,Subscription
T00218,C00218,S00218,2025-03-11,19.99,Debit Card,Success,Subscription
T00219,C00219,S00219,2025-03-14,34.99,Credit Card,Success,Subscription
T00220,C00220,S00220,2025-03-17,59.99,UPI,Success,Subscription
T00221,C00221,S00221,2025-03-20,99.99,Credit Card,Success,Subscription
T00222,C00222,S00222,2025-03-23,199.99,Net Banking,Success,Subscription
T00223,C00223,S00223,2025-03-26,349.99,Credit Card,Success,Subscription
T00224,C00224,S00224,2025-03-29,599.99,Debit Card,Success,Subscription
T00225,C00225,S00225,2025-04-02,9.99,UPI,Success,Subscription
T00226,C00226,S00226,2025-04-05,19.99,Credit Card,Success,Subscription
T00227,C00227,S00227,2025-04-08,34.99,Debit Card,Success,Subscription
T00228,C00228,S00228,2025-04-11,59.99,UPI,Success,Subscription
T00229,C00229,S00229,2025-04-14,99.99,Credit Card,Success,Subscription
T00230,C00230,S00230,2025-04-17,199.99,Net Banking,Success,Subscription
T00231,C00231,S00231,2025-04-20,349.99,Credit Card,Success,Subscription
T00232,C00232,S00232,2025-04-23,599.99,UPI,Success,Subscription
T00233,C00233,S00233,2025-04-26,9.99,Debit Card,Success,Subscription
T00234,C00234,S00234,2025-04-29,19.99,UPI,Success,Subscription
T00235,C00235,S00235,2025-05-02,34.99,Credit Card,Success,Subscription
T00236,C00236,S00236,2025-05-05,59.99,Net Banking,Success,Subscription
T00237,C00237,S00237,2025-05-08,99.99,UPI,Success,Subscription
T00238,C00238,S00238,2025-05-11,199.99,Credit Card,Success,Subscription
T00239,C00239,S00239,2025-05-14,349.99,Debit Card,Success,Subscription
T00240,C00240,S00240,2025-05-17,599.99,Credit Card,Success,Subscription
T00241,C00241,S00241,2025-05-20,9.99,UPI,Success,Subscription
T00242,C00242,S00242,2025-05-23,19.99,Credit Card,Success,Subscription
T00243,C00243,S00243,2025-05-26,34.99,Debit Card,Success,Subscription
T00244,C00244,S00244,2025-05-29,59.99,UPI,Success,Subscription
T00245,C00245,S00245,2025-06-01,99.99,Credit Card,Success,Subscription
T00246,C00246,S00246,2025-06-04,199.99,Net Banking,Success,Subscription
T00247,C00247,S00247,2025-06-07,349.99,Credit Card,Success,Subscription
T00248,C00248,S00248,2025-06-10,599.99,UPI,Success,Subscription
T00249,C00249,S00249,2025-06-13,9.99,Debit Card,Success,Subscription
T00250,C00250,S00250,2025-06-16,19.99,Credit Card,Success,Subscription
T00251,C00251,S00251,2025-06-19,34.99,UPI,Success,Subscription
T00252,C00252,S00252,2025-06-22,59.99,Credit Card,Success,Subscription
T00253,C00253,S00253,99.99,UPI,Success,Subscription
T00254,C00254,S00254,2025-06-28,199.99,Credit Card,Success,Subscription
T00255,C00255,S00255,2025-07-01,349.99,Net Banking,Success,Subscription
T00256,C00256,S00256,2025-07-04,599.99,Credit Card,Success,Subscription
T00257,C00257,S00257,2025-07-07,9.99,UPI,Success,Subscription
T00258,C00258,S00258,2025-07-10,19.99,Debit Card,Success,Subscription
T00259,C00259,S00259,2025-07-13,34.99,Credit Card,Success,Subscription
T00260,C00260,S00260,2025-07-16,59.99,UPI,Success,Subscription
T00261,C00261,S00261,2025-07-19,99.99,Credit Card,Success,Subscription
T00262,C00262,S00262,2025-07-22,199.99,Net Banking,Success,Subscription
T00263,C00263,S00263,2025-07-25,349.99,Credit Card,Success,Subscription
T00264,C00264,S00264,2025-07-28,599.99,Debit Card,Success,Subscription
T00265,C00265,S00265,2025-07-31,9.99,UPI,Success,Subscription
T00266,C00266,S00266,2025-08-03,19.99,Credit Card,Success,Subscription
T00267,C00267,S00267,2025-08-06,34.99,Debit Card,Success,Subscription
T00268,C00268,S00268,2025-08-09,59.99,UPI,Success,Subscription
T00269,C00269,S00269,99.99,Credit Card,Success,Subscription
T00270,C00270,S00270,2025-08-15,199.99,Net Banking,Success,Subscription
T00271,C00271,S00271,2025-08-18,349.99,Credit Card,Success,Subscription
T00272,C00272,S00272,2025-08-21,599.99,UPI,Success,Subscription
T00273,C00273,S00273,2025-08-24,9.99,Debit Card,Success,Subscription
T00274,C00274,S00274,2025-08-27,19.99,Credit Card,Success,Subscription
T00275,C00275,S00275,2025-08-30,34.99,UPI,Success,Subscription
T00276,C00276,S00276,2025-09-02,59.99,Credit Card,Success,Subscription
T00277,C00277,S00277,2025-09-05,99.99,Net Banking,Success,Subscription
T00278,C00278,S00278,2025-09-08,199.99,Credit Card,Success,Subscription
T00279,C00279,S00279,349.99,Debit Card,Success,Subscription
T00280,C00280,S00280,2025-09-14,599.99,UPI,Success,Subscription
T00281,C00281,S00281,2025-09-17,9.99,Credit Card,Success,Subscription
T00282,C00282,S00282,2025-09-20,19.99,Debit Card,Success,Subscription
T00283,C00283,S00283,2025-09-23,34.99,UPI,Success,Subscription
T00284,C00284,S00284,2025-09-26,59.99,Credit Card,Success,Subscription
T00285,C00285,S00285,2025-09-29,99.99,Net Banking,Success,Subscription
T00286,C00286,S00286,2025-10-02,199.99,Credit Card,Success,Subscription
T00287,C00287,S00287,349.99,UPI,Success,Subscription
T00288,C00288,S00288,2025-10-08,599.99,Credit Card,Success,Subscription
T00289,C00289,S00289,2025-10-11,9.99,Debit Card,Success,Subscription
T00290,C00290,S00290,2025-10-14,19.99,UPI,Success,Subscription
T00291,C00291,S00291,2025-10-17,34.99,Credit Card,Success,Subscription
T00292,C00292,S00292,2025-10-20,59.99,Net Banking,Success,Subscription
T00293,C00293,S00293,99.99,UPI,Success,Subscription
T00294,C00294,S00294,2025-10-26,199.99,Credit Card,Success,Subscription
T00295,C00295,S00295,2025-10-29,349.99,Debit Card,Success,Subscription
T00296,C00296,S00296,2025-11-01,599.99,Credit Card,Success,Subscription
T00297,C00297,S00297,2025-11-04,9.99,UPI,Success,Subscription
T00298,C00298,S00298,2025-11-07,19.99,Credit Card,Success,Subscription
T00299,C00299,S00299,2025-11-10,34.99,Debit Card,Success,Subscription
T00300,C00300,S00300,2025-11-13,59.99,UPI,Success,Subscription
T00301,C00301,S00301,2025-11-16,99.99,Credit Card,Success,Subscription
T00302,C00302,S00302,2025-11-19,199.99,Net Banking,Success,Subscription
T00303,C00303,S00303,2025-11-22,349.99,Credit Card,Success,Subscription
T00304,C00304,S00304,2025-11-25,599.99,UPI,Success,Subscription
T00305,C00305,S00305,2025-11-28,9.99,Debit Card,Success,Subscription
T00306,C00306,S00306,2025-12-01,19.99,Credit Card,Success,Subscription
T00307,C00307,S00307,2025-12-04,34.99,UPI,Success,Subscription
T00308,C00308,S00308,2025-12-07,59.99,Credit Card,Success,Subscription
T00309,C00309,S00309,2025-12-10,99.99,Net Banking,Success,Subscription
T00310,C00310,S00310,2025-12-13,199.99,Credit Card,Success,Subscription
T00311,C00311,S00311,2025-12-16,349.99,Debit Card,Success,Subscription
T00312,C00312,S00312,2025-12-19,599.99,UPI,Success,Subscription
T00313,C00313,S00313,2025-12-22,9.99,Credit Card,Success,Subscription
T00314,C00314,S00314,2025-12-25,19.99,Debit Card,Success,Subscription
T00315,C00315,S00315,2025-12-28,34.99,UPI,Success,Subscription
T00316,C00316,S00316,2025-12-31,59.99,Credit Card,Success,Subscription
T00317,C00317,S00317,2026-01-03,99.99,Net Banking,Success,Subscription
T00318,C00318,S00318,2026-01-06,199.99,Credit Card,Success,Subscription
T00319,C00319,S00319,2026-01-09,349.99,UPI,Success,Subscription
T00320,C00320,S00320,2026-01-12,599.99,Credit Card,Success,Subscription
T00321,C00321,S00321,2026-01-15,9.99,Debit Card,Success,Subscription
T00322,C00322,S00322,2026-01-18,19.99,UPI,Success,Subscription
T00323,C00323,S00323,2026-01-21,34.99,Credit Card,Success,Subscription
T00324,C00324,S00324,2026-01-24,59.99,Net Banking,Success,Subscription
T00325,C00325,S00325,2026-01-27,99.99,UPI,Success,Subscription
T00326,C00326,S00326,2026-01-30,199.99,Credit Card,Success,Subscription
T00327,C00327,S00327,2026-02-02,349.99,Debit Card,Success,Subscription
T00328,C00328,S00328,2026-02-05,599.99,Credit Card,Success,Subscription
T00329,C00329,S00329,2026-02-08,9.99,UPI,Success,Subscription
T00330,C00330,S00330,2026-02-11,19.99,Credit Card,Success,Subscription
T00331,C00331,S00331,2026-02-14,34.99,Debit Card,Success,Subscription
T00332,C00332,S00332,2026-02-17,59.99,UPI,Success,Subscription
T00333,C00333,S00333,2026-02-20,99.99,Credit Card,Success,Subscription
T00334,C00334,S00334,2026-02-23,199.99,Net Banking,Success,Subscription
T00335,C00335,S00335,2026-02-26,349.99,Credit Card,Success,Subscription
T00336,C00336,S00336,2026-03-01,599.99,UPI,Success,Subscription
T00337,C00337,S00337,2026-03-04,9.99,Debit Card,Success,Subscription
T00338,C00338,S00338,2026-03-07,19.99,Credit Card,Success,Subscription
T00339,C00339,S00339,2026-03-10,34.99,UPI,Success,Subscription
T00340,C00340,S00340,2026-03-13,59.99,Credit Card,Success,Subscription
T00341,C00341,S00341,2026-03-16,99.99,Net Banking,Success,Subscription
T00342,C00342,S00342,2026-03-19,199.99,Credit Card,Success,Subscription
T00343,C00343,S00343,2026-03-22,349.99,Debit Card,Success,Subscription
T00344,C00344,S00344,2026-03-25,599.99,UPI,Success,Subscription
T00345,C00345,S00345,2026-03-28,9.99,Credit Card,Success,Subscription
T00346,C00346,S00346,2026-03-31,19.99,Debit Card,Success,Subscription
T00347,C00347,S00347,2026-04-03,34.99,UPI,Success,Subscription
T00348,C00348,S00348,2026-04-06,59.99,Credit Card,Success,Subscription
T00349,C00349,S00349,2026-04-09,99.99,Net Banking,Success,Subscription
T00350,C00350,S00350,2026-04-12,199.99,Credit Card,Success,Subscription
T00351,C00351,S00351,2026-04-15,349.99,UPI,Success,Subscription
T00352,C00352,S00352,2026-04-18,599.99,Credit Card,Success,Subscription
T00353,C00353,S00353,2026-04-21,9.99,Debit Card,Success,Subscription
T00354,C00354,S00354,2026-04-24,19.99,UPI,Success,Subscription
T00355,C00355,S00355,2026-04-27,34.99,Credit Card,Success,Subscription
T00356,C00356,S00356,2026-04-30,59.99,Net Banking,Success,Subscription
T00357,C00357,S00357,2026-05-03,99.99,UPI,Success,Subscription
T00358,C00358,S00358,2026-05-06,199.99,Credit Card,Success,Subscription
T00359,C00359,S00359,2026-05-09,349.99,Debit Card,Success,Subscription
T00360,C00360,S00360,2026-05-12,599.99,Credit Card,Success,Subscription
T00361,C00361,S00361,2026-05-15,9.99,UPI,Success,Subscription
T00362,C00362,S00362,2026-05-18,19.99,Credit Card,Success,Subscription
T00363,C00363,S00363,2026-05-21,34.99,Debit Card,Success,Subscription
T00364,C00364,S00364,2026-05-24,59.99,UPI,Success,Subscription
T00365,C00365,S00365,2026-05-27,99.99,Credit Card,Success,Subscription
T00366,C00366,S00366,2026-05-30,199.99,Net Banking,Success,Subscription
T00367,C00367,S00367,2026-06-02,349.99,Credit Card,Success,Subscription
T00368,C00368,S00368,2026-06-05,599.99,UPI,Success,Subscription
T00369,C00369,S00369,2026-06-08,9.99,Debit Card,Success,Subscription
T00370,C00370,S00370,2026-06-11,19.99,Credit Card,Success,Subscription
T00371,C00371,S00371,2026-06-14,34.99,UPI,Success,Subscription
T00372,C00372,S00372,2026-06-17,59.99,Credit Card,Success,Subscription
T00373,C00373,S00373,2026-06-20,99.99,Net Banking,Success,Subscription
T00374,C00374,S00374,2026-06-23,199.99,Credit Card,Success,Subscription
T00375,C00375,S00375,2026-06-26,349.99,Debit Card,Success,Subscription
T00376,C00376,S00376,2026-06-29,599.99,UPI,Success,Subscription
T00377,C00377,S00377,2026-07-02,9.99,Credit Card,Success,Subscription
T00378,C00378,S00378,2026-07-05,19.99,Debit Card,Success,Subscription
T00379,C00379,S00379,2026-07-08,34.99,UPI,Success,Subscription
T00380,C00380,S00380,2026-07-11,59.99,Credit Card,Success,Subscription
T00381,C00381,S00381,2026-07-14,99.99,Net Banking,Success,Subscription
T00382,C00382,S00382,2026-07-17,199.99,Credit Card,Success,Subscription
T00383,C00383,S00383,2026-07-20,349.99,UPI,Success,Subscription
T00384,C00384,S00384,2026-07-23,599.99,Credit Card,Success,Subscription
T00385,C00385,S00385,2026-07-26,9.99,Debit Card,Success,Subscription
T00386,C00386,S00386,2026-07-29,19.99,UPI,Success,Subscription
T00387,C00387,S00387,2026-08-01,34.99,Credit Card,Success,Subscription
T00388,C00388,S00388,2026-08-04,59.99,Net Banking,Success,Subscription
T00389,C00389,S00389,2026-08-07,99.99,UPI,Success,Subscription
T00390,C00390,S00390,2026-08-10,199.99,Credit Card,Success,Subscription
T00391,C00391,S00391,2026-08-13,349.99,Debit Card,Success,Subscription
T00392,C00392,S00392,2026-08-16,599.99,Credit Card,Success,Subscription
T00393,C00393,S00393,2026-08-19,9.99,UPI,Success,Subscription
T00394,C00394,S00394,2026-08-22,19.99,Credit Card,Success,Subscription
T00395,C00395,S00395,2026-08-25,34.99,Debit Card,Success,Subscription
T00396,C00396,S00396,2026-08-28,59.99,UPI,Success,Subscription
T00397,C00397,S00397,2026-08-31,99.99,Credit Card,Success,Subscription
T00398,C00398,S00398,2026-09-03,199.99,Net Banking,Success,Subscription
T00399,C00399,S00399,2026-09-06,349.99,Credit Card,Success,Subscription
T00400,C00400,S00400,2026-09-09,599.99,UPI,Success,Subscription
T00401,C00401,S00401,2025-02-01,9.99,Credit Card,Success,Subscription
T00402,C00402,S00402,2025-02-04,19.99,UPI,Success,Subscription
T00403,C00403,S00403,2025-02-07,34.99,Debit Card,Success,Subscription
T00404,C00404,S00404,2025-02-10,59.99,Credit Card,Success,Subscription
T00405,C00405,S00405,2025-02-13,99.99,UPI,Success,Subscription
T00406,C00406,S00406,2025-02-16,199.99,Net Banking,Success,Subscription
T00407,C00407,S00407,2025-02-19,349.99,Credit Card,Success,Subscription
T00408,C00408,S00408,2025-02-22,599.99,Debit Card,Success,Subscription
T00409,C00409,S00409,2025-02-25,9.99,UPI,Success,Subscription
T00410,C00410,S00410,2025-02-28,19.99,Credit Card,Success,Subscription
T00411,C00411,S00411,2025-03-03,34.99,Debit Card,Success,Subscription
T00412,C00412,S00412,2025-03-06,59.99,UPI,Success,Subscription
T00413,C00413,S00413,2025-03-09,99.99,Credit Card,Success,Subscription
T00414,C00414,S00414,2025-03-12,199.99,Net Banking,Success,Subscription
T00415,C00415,S00415,2025-03-15,349.99,Credit Card,Success,Subscription
T00416,C00416,S00416,2025-03-18,599.99,UPI,Success,Subscription
T00417,C00417,S00417,2025-03-21,9.99,Debit Card,Success,Subscription
T00418,C00418,S00418,2025-03-24,19.99,Credit Card,Success,Subscription
T00419,C00419,S00419,2025-03-27,34.99,UPI,Success,Subscription
T00420,C00420,S00420,2025-03-30,59.99,Credit Card,Success,Subscription
T00421,C00421,S00421,2025-04-02,99.99,Net Banking,Success,Subscription
T00422,C00422,S00422,2025-04-05,199.99,Credit Card,Success,Subscription
T00423,C00423,S00423,2025-04-08,349.99,Debit Card,Success,Subscription
T00424,C00424,S00424,2025-04-11,599.99,UPI,Success,Subscription
T00425,C00425,S00425,2025-04-14,9.99,Credit Card,Success,Subscription
T00426,C00426,S00426,2025-04-17,19.99,Debit Card,Success,Subscription
T00427,C00427,S00427,2025-04-20,34.99,UPI,Success,Subscription
T00428,C00428,S00428,2025-04-23,59.99,Credit Card,Success,Subscription
T00429,C00429,S00429,2025-04-26,99.99,Net Banking,Success,Subscription
T00430,C00430,S00430,2025-04-29,199.99,Credit Card,Success,Subscription
T00431,C00431,S00431,2025-05-02,349.99,UPI,Success,Subscription
T00432,C00432,S00432,2025-05-05,599.99,Credit Card,Success,Subscription
T00433,C00433,S00433,2025-05-08,9.99,Debit Card,Success,Subscription
T00434,C00434,S00434,2025-05-11,19.99,UPI,Success,Subscription
T00435,C00435,S00435,2025-05-14,34.99,Credit Card,Success,Subscription
T00436,C00436,S00436,2025-05-17,59.99,Net Banking,Success,Subscription
T00437,C00437,S00437,2025-05-20,99.99,UPI,Success,Subscription
T00438,C00438,S00438,2025-05-23,199.99,Credit Card,Success,Subscription
T00439,C00439,S00439,2025-05-26,349.99,Debit Card,Success,Subscription
T00440,C00440,S00440,2025-05-29,599.99,Credit Card,Success,Subscription
T00441,C00441,S00441,2025-06-01,9.99,UPI,Success,Subscription
T00442,C00442,S00442,2025-06-04,19.99,Credit Card,Success,Subscription
T00443,C00443,S00443,2025-06-07,34.99,Debit Card,Success,Subscription
T00444,C00444,S00444,2025-06-10,59.99,UPI,Success,Subscription
T00445,C00445,S00445,2025-06-13,99.99,Credit Card,Success,Subscription
T00446,C00446,S00446,2025-06-16,199.99,Net Banking,Success,Subscription
T00447,C00447,S00447,2025-06-19,349.99,Credit Card,Success,Subscription
T00448,C00448,S00448,2025-06-22,599.99,UPI,Success,Subscription
T00449,C00449,S00449,2025-06-25,9.99,Debit Card,Success,Subscription
T00450,C00450,S00450,2025-06-28,19.99,Credit Card,Success,Subscription
T00451,C00451,S00451,2025-07-01,34.99,UPI,Success,Subscription
T00452,C00452,S00452,2025-07-04,59.99,Credit Card,Success,Subscription
T00453,C00453,S00453,2025-07-07,99.99,Net Banking,Success,Subscription
T00454,C00454,S00454,2025-07-10,199.99,Credit Card,Success,Subscription
T00455,C00455,S00455,2025-07-13,349.99,Debit Card,Success,Subscription
T00456,C00456,S00456,2025-07-16,599.99,UPI,Success,Subscription
T00457,C00457,S00457,2025-07-19,9.99,Credit Card,Success,Subscription
T00458,C00458,S00458,2025-07-22,19.99,Debit Card,Success,Subscription
T00459,C00459,S00459,2025-07-25,34.99,UPI,Success,Subscription
T00460,C00460,S00460,2025-07-28,59.99,Credit Card,Success,Subscription
T00461,C00461,S00461,2025-07-31,99.99,Net Banking,Success,Subscription
T00462,C00462,S00462,2025-08-03,199.99,Credit Card,Success,Subscription
T00463,C00463,S00463,2025-08-06,349.99,UPI,Success,Subscription
T00464,C00464,S00464,2025-08-09,599.99,Credit Card,Success,Subscription
T00465,C00465,S00465,2025-08-12,9.99,Debit Card,Success,Subscription
T00466,C00466,S00466,2025-08-15,19.99,UPI,Success,Subscription
T00467,C00467,S00467,2025-08-18,34.99,Credit Card,Success,Subscription
T00468,C00468,S00468,2025-08-21,59.99,Net Banking,Success,Subscription
T00469,C00469,S00469,2025-08-24,99.99,UPI,Success,Subscription
T00470,C00470,S00470,2025-08-27,199.99,Credit Card,Success,Subscription
T00471,C00471,S00471,2025-08-30,349.99,Debit Card,Success,Subscription
T00472,C00472,S00472,2025-09-02,599.99,Credit Card,Success,Subscription
T00473,C00473,S00473,2025-09-05,9.99,UPI,Success,Subscription
T00474,C00474,S00474,2025-09-08,19.99,Credit Card,Success,Subscription
T00475,C00475,S00475,2025-09-11,34.99,Debit Card,Success,Subscription
T00476,C00476,S00476,2025-09-14,59.99,UPI,Success,Subscription
T00477,C00477,S00477,2025-09-17,99.99,Credit Card,Success,Subscription
T00478,C00478,S00478,2025-09-20,199.99,Net Banking,Success,Subscription
T00479,C00479,S00479,2025-09-23,349.99,Credit Card,Success,Subscription
T00480,C00480,S00480,2025-09-26,599.99,UPI,Success,Subscription
T00481,C00481,S00481,2025-09-29,9.99,Debit Card,Success,Subscription
T00482,C00482,S00482,2025-10-02,19.99,Credit Card,Success,Subscription
T00483,C00483,S00483,2025-10-05,34.99,UPI,Success,Subscription
T00484,C00484,S00484,2025-10-08,59.99,Credit Card,Success,Subscription
T00485,C00485,S00485,2025-10-11,99.99,Net Banking,Success,Subscription
T00486,C00486,S00486,2025-10-14,199.99,Credit Card,Success,Subscription
T00487,C00487,S00487,2025-10-17,349.99,Debit Card,Success,Subscription
T00488,C00488,S00488,2025-10-20,599.99,UPI,Success,Subscription
T00489,C00489,S00489,2025-10-23,9.99,Credit Card,Success,Subscription
T00490,C00490,S00490,2025-10-26,19.99,Debit Card,Success,Subscription
T00491,C00491,S00491,2025-10-29,34.99,UPI,Success,Subscription
T00492,C00492,S00492,2025-11-01,59.99,Credit Card,Success,Subscription
T00493,C00493,S00493,2025-11-04,99.99,Net Banking,Success,Subscription
T00494,C00494,S00494,2025-11-07,199.99,Credit Card,Success,Subscription
T00495,C00495,S00495,2025-11-10,349.99,UPI,Success,Subscription
T00496,C00496,S00496,2025-11-13,599.99,Credit Card,Success,Subscription
T00497,C00497,S00497,2025-11-16,9.99,Debit Card,Success,Subscription
T00498,C00498,S00498,2025-11-19,19.99,UPI,Success,Subscription
T00499,C00499,S00499,2025-11-22,34.99,Credit Card,Success,Subscription
T00500,C00500,S00500,2025-11-25,59.99,Net Banking,Success,Subscription
